Alveolar echinococcosis,AFP
Alveolar echinococcosis,ALPP
Alveolar echinococcosis,APOH
Alveolar echinococcosis,CBS
Alveolar echinococcosis,CCL17
Alveolar echinococcosis,CD36
Alveolar echinococcosis,CD4
Alveolar echinococcosis,CD40LG
Alveolar echinococcosis,CD79A
Alveolar echinococcosis,CD8A
Alveolar echinococcosis,CES1
Alveolar echinococcosis,CES2
Alveolar echinococcosis,CRP
Alveolar echinococcosis,CYP1A1
Alveolar echinococcosis,EEF1D
Alveolar echinococcosis,GGT1
Alveolar echinococcosis,GPI
Alveolar echinococcosis,GZMB
Alveolar echinococcosis,HAVCR2
Alveolar echinococcosis,HLA-A
Alveolar echinococcosis,HLA-B
Alveolar echinococcosis,HLA-C
Alveolar echinococcosis,HLA-DQB1
Alveolar echinococcosis,HLA-DRB1
Alveolar echinococcosis,HLA-DRB5
Alveolar echinococcosis,HPCAL4
Alveolar echinococcosis,IFNA1
Alveolar echinococcosis,IFNG
Alveolar echinococcosis,IGF1
Alveolar echinococcosis,IGHE
Alveolar echinococcosis,IL10
Alveolar echinococcosis,IL12B
Alveolar echinococcosis,IL17A
Alveolar echinococcosis,IL27
Alveolar echinococcosis,IL2RA
Alveolar echinococcosis,IL3
Alveolar echinococcosis,IL4
Alveolar echinococcosis,IL5
Alveolar echinococcosis,IL6
Alveolar echinococcosis,IL9
Alveolar echinococcosis,INS
Alveolar echinococcosis,ITFG1
Alveolar echinococcosis,KLRK1
Alveolar echinococcosis,KRT19
Alveolar echinococcosis,LBR
Alveolar echinococcosis,LGALS9
Alveolar echinococcosis,LOX
Alveolar echinococcosis,MAEA
Alveolar echinococcosis,MAPK1
Alveolar echinococcosis,MAPK14
Alveolar echinococcosis,MAPK3
Alveolar echinococcosis,MAPK8
Alveolar echinococcosis,MB
Alveolar echinococcosis,MDH2
Alveolar echinococcosis,MET
Alveolar echinococcosis,MT-ATP6
Alveolar echinococcosis,MT-CO1
Alveolar echinococcosis,MT-CYB
Alveolar echinococcosis,MT-ND1
Alveolar echinococcosis,MT-ND2
Alveolar echinococcosis,MT-ND5
Alveolar echinococcosis,MTOR
Alveolar echinococcosis,NFKB1
Alveolar echinococcosis,NOS1
Alveolar echinococcosis,PRDX4
Alveolar echinococcosis,REG1A
Alveolar echinococcosis,RNASE1
Alveolar echinococcosis,RNASE3
Alveolar echinococcosis,RPS6KA2
Alveolar echinococcosis,RRAGB
Alveolar echinococcosis,SAA2
Alveolar echinococcosis,SERPINC1
Alveolar echinococcosis,SPP1
Alveolar echinococcosis,STAT3
Alveolar echinococcosis,TAP1
Alveolar echinococcosis,TAP2
Alveolar echinococcosis,TGFB1
Alveolar echinococcosis,TGFB3
Alveolar echinococcosis,TLR2
Alveolar echinococcosis,TLR4
Alveolar echinococcosis,TNF
Alveolar echinococcosis,TNFRSF8
Alveolar echinococcosis,TNFSF8
Alveolar echinococcosis,TPT1
Alveolar echinococcosis,TSPAN32
Alveolar echinococcosis,XDH
Amebiasis,ABCB1
Amebiasis,AIG1
Amebiasis,AKT1
Amebiasis,ALB
Amebiasis,AOX1
Amebiasis,BDNF-AS
Amebiasis,CABP5
Amebiasis,CASP1
Amebiasis,CBS
Amebiasis,CCNY
Amebiasis,CCR5
Amebiasis,CD36
Amebiasis,CD4
Amebiasis,CD40LG
Amebiasis,CD79A
Amebiasis,CDH1
Amebiasis,CDKN3
Amebiasis,CERNA3
Amebiasis,CGN
Amebiasis,COL1A1
Amebiasis,COL1A2
Amebiasis,COL3A1
Amebiasis,COL4A1
Amebiasis,COL4A2
Amebiasis,COL5A2
Amebiasis,CPA5
Amebiasis,CREM
Amebiasis,CUL2
Amebiasis,CXCL8
Amebiasis,CXCR4
Amebiasis,CXCR6
Amebiasis,ELN
Amebiasis,FAS-AS1
Amebiasis,FCN2
Amebiasis,FJ601684-039
Amebiasis,FN1
Amebiasis,G6PD
Amebiasis,GAPDH
Amebiasis,GLRX3
Amebiasis,GPI
Amebiasis,GPR15
Amebiasis,H6PD
Amebiasis,ICAM1
Amebiasis,ICAM2
Amebiasis,IFNG
Amebiasis,IGHE
Amebiasis,IGLL5
Amebiasis,IGSF3
Amebiasis,IKBKG
Amebiasis,IL10
Amebiasis,IL15
Amebiasis,IL17A
Amebiasis,IL1B
Amebiasis,IL2
Amebiasis,IL25
Amebiasis,IL4
Amebiasis,IL6
Amebiasis,ITGA5
Amebiasis,ITGAV
Amebiasis,ITGB1
Amebiasis,ITGB3
Amebiasis,KRT15
Amebiasis,LAP3
Amebiasis,LEPR
Amebiasis,LGALS1
Amebiasis,LINC01672
Amebiasis,LINC02605
Amebiasis,LINC02634
Amebiasis,LMLN
Amebiasis,MDH2
Amebiasis,MYO1B
Amebiasis,MYO1C
Amebiasis,NLRP3
Amebiasis,NOX1
Amebiasis,ODC1
Amebiasis,PGGT1B
Amebiasis,PIK3CA
Amebiasis,PIK3CB
Amebiasis,PIK3CD
Amebiasis,PIK3CG
Amebiasis,PRAMEF18
Amebiasis,PTGER2
Amebiasis,PWAR1
Amebiasis,PWAR4
Amebiasis,RAG1
Amebiasis,REG1A
Amebiasis,REG1B
Amebiasis,RF00026-139
Amebiasis,RNU6-794P
Amebiasis,RPL23A
Amebiasis,SOD2-OT1
Amebiasis,SPP1
Amebiasis,SRM
Amebiasis,STAT3
Amebiasis,TJP1
Amebiasis,TJP2
Amebiasis,TLR2
Amebiasis,TLR4
Amebiasis,TLR9
Amebiasis,TNF
Amebiasis,TRC-GCA24-1
Amebiasis,TRL-AAG2-3
Amebiasis,TRL-TAG1-1
Amebiasis,TXN
Amebiasis,XDH
Ancylostomiasis,ASCL5
Ancylostomiasis,BACE2
Ancylostomiasis,DR1
Ancylostomiasis,F10
Ancylostomiasis,F3
Ancylostomiasis,H1-6
Ancylostomiasis,HHAT
Ancylostomiasis,IL5
Ancylostomiasis,LGALS3BP
Ancylostomiasis,MRPL3
Ancylostomiasis,MT-CO1
Ancylostomiasis,MT-ND1
Ancylostomiasis,MT-ND3
Ancylostomiasis,MT-ND4
Ancylostomiasis,MT-ND4L
Ascariasis,ASCL3
Ascariasis,ASCL5
Ascariasis,BIRC3
Ascariasis,C22orf39
Ascariasis,CBS
Ascariasis,CCL23
Ascariasis,CD40LG
Ascariasis,CD79A
Ascariasis,COPS7A
Ascariasis,CREB5
Ascariasis,CRP
Ascariasis,CXCL8
Ascariasis,CYP4F3
Ascariasis,HBE1
Ascariasis,HES4
Ascariasis,HLA-DRB3
Ascariasis,HLA-DRB4
Ascariasis,HRK
Ascariasis,HSPB6
Ascariasis,IDO1
Ascariasis,IFNG
Ascariasis,IGES
Ascariasis,IGHE
Ascariasis,IL10
Ascariasis,IL13
Ascariasis,IL13RA1
Ascariasis,IL1B
Ascariasis,IL1R2
Ascariasis,IL21R
Ascariasis,IL4
Ascariasis,IL4R
Ascariasis,IL5
Ascariasis,IL6
Ascariasis,IL7
Ascariasis,IRS2
Ascariasis,LIG4
Ascariasis,LILRA3
Ascariasis,MALT1
Ascariasis,MME
Ascariasis,MPI
Ascariasis,MT-CO1
Ascariasis,MUC12
Ascariasis,NAMPT
Ascariasis,NELFCD
Ascariasis,PI3
Ascariasis,PMP22
Ascariasis,PRKAG1
Ascariasis,PROK2
Ascariasis,PTPRC
Ascariasis,QPCT
Ascariasis,RAB11FIP5
Ascariasis,RNASE2
Ascariasis,RNASE3
Ascariasis,RPS23
Ascariasis,SERPINA3
Ascariasis,SLC9A2
Ascariasis,SLC9A3
Ascariasis,SOS1
Ascariasis,STAT6
Ascariasis,STH
Ascariasis,TNFSF13B
Ascariasis,TSLP
Ascariasis,TUBB
Ascariasis,UCP2
Ascariasis,VNN2
Ascariasis,WSB1
Babesiosis,ACKR1
Babesiosis,ADAMTSL1
Babesiosis,AKIRIN2
Babesiosis,ALB
Babesiosis,CBS
Babesiosis,CCT7
Babesiosis,CD36
Babesiosis,CD4
Babesiosis,COQ2
Babesiosis,CTSL
Babesiosis,ERV3-1
Babesiosis,ERVFRD-1
Babesiosis,ERVW-1
Babesiosis,F10
Babesiosis,GPT
Babesiosis,GYPB
Babesiosis,HP
Babesiosis,HPGDS
Babesiosis,HSPA14
Babesiosis,HSPA4
Babesiosis,HSPD1
Babesiosis,IFNG
Babesiosis,IL10
Babesiosis,IL2RB
Babesiosis,IL4
Babesiosis,KHDRBS3
Babesiosis,KRT222
Babesiosis,KRTAP9-2
Babesiosis,LCN9
Babesiosis,LGMN
Babesiosis,LSM4
Babesiosis,MT-CO1
Babesiosis,MT-CYB
Babesiosis,RAP1A
Babesiosis,RPL4
Babesiosis,RPLP2
Babesiosis,SECISBP2
Babesiosis,SPCS3
Babesiosis,TBP
Babesiosis,THBS1
Babesiosis,TLR4
Babesiosis,TNF
Babesiosis,VMAC
Babesiosis,YBX3
Bilharziasis,ARG1
Bilharziasis,ATAD1
Bilharziasis,BGLAP
Bilharziasis,CBS
Bilharziasis,CCL2
Bilharziasis,CCL3
Bilharziasis,CCL5
Bilharziasis,CCND1
Bilharziasis,CCR5
Bilharziasis,CD4
Bilharziasis,CD40LG
Bilharziasis,CD79A
Bilharziasis,CD80
Bilharziasis,CD86
Bilharziasis,CDKN1A
Bilharziasis,CDKN2A
Bilharziasis,CDKN2B
Bilharziasis,CEACAM3
Bilharziasis,COLEC11
Bilharziasis,CTLA4
Bilharziasis,CTSB
Bilharziasis,CXCR3
Bilharziasis,CXCR4
Bilharziasis,DLGAP5
Bilharziasis,EPX
Bilharziasis,FABP12
Bilharziasis,FAM53B
Bilharziasis,GAPDH
Bilharziasis,GPT
Bilharziasis,GSTM1
Bilharziasis,GSTT1
Bilharziasis,HPGD
Bilharziasis,HYAL1
Bilharziasis,IFNG
Bilharziasis,IFNGR1
Bilharziasis,IGHE
Bilharziasis,IL10
Bilharziasis,IL13
Bilharziasis,IL17A
Bilharziasis,IL1A
Bilharziasis,IL2
Bilharziasis,IL23A
Bilharziasis,IL4
Bilharziasis,IL5
Bilharziasis,KRT14
Bilharziasis,KRT19
Bilharziasis,KRT20
Bilharziasis,KRT7
Bilharziasis,KRTAP19-2
Bilharziasis,LGMN
Bilharziasis,MAPK14
Bilharziasis,MDM2
Bilharziasis,MME
Bilharziasis,PF4
Bilharziasis,PLAT
Bilharziasis,PLAU
Bilharziasis,PPBP
Bilharziasis,PSG2
Bilharziasis,PTGS2
Bilharziasis,RNASE3
Bilharziasis,SERPINF2
Bilharziasis,SNAI1
Bilharziasis,STH
Bilharziasis,THBS2
Bilharziasis,TNF
Bilharziasis,TP53
Bilharziasis,TPI1
Bilharziasis,TXNRD3
Chagas Disease,ABCA12
Chagas Disease,ABCB1
Chagas Disease,ABCB5
Chagas Disease,ACE
Chagas Disease,ACE2
Chagas Disease,ACHE
Chagas Disease,ACP1
Chagas Disease,ACTC1
Chagas Disease,ADA
Chagas Disease,ADARB2
Chagas Disease,ADK
Chagas Disease,ADORA1
Chagas Disease,ADPRH
Chagas Disease,ADRB1
Chagas Disease,ADRB2
Chagas Disease,AGBL1
Chagas Disease,AHCY
Chagas Disease,AKT1
Chagas Disease,ALDH1L1
Chagas Disease,ALPP
Chagas Disease,AMD1
Chagas Disease,ANKRD18B
Chagas Disease,APLP2
Chagas Disease,APOH
Chagas Disease,APOL1
Chagas Disease,ARSH
Chagas Disease,ASIC2
Chagas Disease,ASXL3
Chagas Disease,ATG16L1
Chagas Disease,ATP6V1F
Chagas Disease,ATXN1
Chagas Disease,BAK1
Chagas Disease,BCHE
Chagas Disease,BDKRB1
Chagas Disease,BDKRB2
Chagas Disease,BDNF
Chagas Disease,BPGM
Chagas Disease,C12orf56
Chagas Disease,C1orf141
Chagas Disease,C1QA
Chagas Disease,C1QTNF6
Chagas Disease,C1QTNF7
Chagas Disease,C3
Chagas Disease,CACNA2D4
Chagas Disease,CADPS2
Chagas Disease,CALB2
Chagas Disease,CALR
Chagas Disease,CAMTA1
Chagas Disease,CANT1
Chagas Disease,CAPN11
Chagas Disease,CAPZA3
Chagas Disease,CARD11
Chagas Disease,CASP1
Chagas Disease,CASP2
Chagas Disease,CASP3
Chagas Disease,CASP8
Chagas Disease,CAT
Chagas Disease,CAV1
Chagas Disease,CAV3
Chagas Disease,CBS
Chagas Disease,CCDC15
Chagas Disease,CCL2
Chagas Disease,CCL3
Chagas Disease,CCL4
Chagas Disease,CCL5
Chagas Disease,CCND1
Chagas Disease,CCR1
Chagas Disease,CCR2
Chagas Disease,CCR3
Chagas Disease,CCR4
Chagas Disease,CCR5
Chagas Disease,CD1D
Chagas Disease,CD274
Chagas Disease,CD28
Chagas Disease,CD4
Chagas Disease,CD40LG
Chagas Disease,CD44
Chagas Disease,CD69
Chagas Disease,CD79A
Chagas Disease,CD80
Chagas Disease,CD86
Chagas Disease,CD8A
Chagas Disease,CDCA4
Chagas Disease,CDCA5
Chagas Disease,CDH15
Chagas Disease,CDH2
Chagas Disease,CDK10
Chagas Disease,CDK11B
Chagas Disease,CDK4
Chagas Disease,CDK6
Chagas Disease,CDKN2A
Chagas Disease,CDKN3
Chagas Disease,CELF3
Chagas Disease,CEP85L
Chagas Disease,CEP95
Chagas Disease,CES5A
Chagas Disease,CFLAR
Chagas Disease,CGN
Chagas Disease,CHAT
Chagas Disease,CHL1
Chagas Disease,CHRM2
Chagas Disease,CLEC11A
Chagas Disease,CLEC4A
Chagas Disease,CNTN6
Chagas Disease,COL14A1
Chagas Disease,COL1A2
Chagas Disease,COL26A1
Chagas Disease,COLEC11
Chagas Disease,CORIN
Chagas Disease,CPM
Chagas Disease,CR1
Chagas Disease,CREB1
Chagas Disease,CREBBP
Chagas Disease,CS
Chagas Disease,CSMD1
Chagas Disease,CSNK2A1
Chagas Disease,CTLA4
Chagas Disease,CTNNB1
Chagas Disease,CTNND2
Chagas Disease,CTRL
Chagas Disease,CTSB
Chagas Disease,CTSK
Chagas Disease,CTSL
Chagas Disease,CUTA
Chagas Disease,CXCL10
Chagas Disease,CXCL8
Chagas Disease,CXCL9
Chagas Disease,CXCR3
Chagas Disease,CXCR4
Chagas Disease,CYC1
Chagas Disease,CYP21A2
Chagas Disease,CYP51A1
Chagas Disease,DAB1
Chagas Disease,DDX39B
Chagas Disease,DEFA1
Chagas Disease,DEFA1B
Chagas Disease,DEFB1
Chagas Disease,DES
Chagas Disease,DGKB
Chagas Disease,DHFR
Chagas Disease,DHODH
Chagas Disease,DIRAS1
Chagas Disease,DLD
Chagas Disease,DLG2
Chagas Disease,DLGAP1
Chagas Disease,DNAAF10
Chagas Disease,DNAH8
Chagas Disease,DNPH1
Chagas Disease,DOCK4
Chagas Disease,DSG1
Chagas Disease,DUSP29
Chagas Disease,DUT
Chagas Disease,DYNC1I1
Chagas Disease,DYSF
Chagas Disease,EDN1
Chagas Disease,EDNRA
Chagas Disease,EGF
Chagas Disease,EGFR
Chagas Disease,EIF5A
Chagas Disease,EMILIN2
Chagas Disease,ENG
Chagas Disease,ENO2
Chagas Disease,ENPEP
Chagas Disease,ENPP1
Chagas Disease,ENTPD1
Chagas Disease,ERVFRD-1
Chagas Disease,EXOC7
Chagas Disease,F13A1
Chagas Disease,F5
Chagas Disease,FAM184B
Chagas Disease,FARSA
Chagas Disease,FBXL22
Chagas Disease,FCN2
Chagas Disease,FCN3
Chagas Disease,FDFT1
Chagas Disease,FDPS
Chagas Disease,FGF23
Chagas Disease,FGFR1
Chagas Disease,FHIT
Chagas Disease,FN1
Chagas Disease,FOXO1
Chagas Disease,FOXO3
Chagas Disease,FOXP3
Chagas Disease,FRMD4A
Chagas Disease,G6PD
Chagas Disease,GAA
Chagas Disease,GAL
Chagas Disease,GAPDH
Chagas Disease,GAST
Chagas Disease,GFAP
Chagas Disease,GHRL
Chagas Disease,GJB7
Chagas Disease,GLA
Chagas Disease,GNG7
Chagas Disease,GNLY
Chagas Disease,GPA33
Chagas Disease,GPI
Chagas Disease,GPR158
Chagas Disease,GPR83
Chagas Disease,GPT
Chagas Disease,GRIA4
Chagas Disease,GSR
Chagas Disease,GSS
Chagas Disease,GSTP1
Chagas Disease,GUSB
Chagas Disease,GZMA
Chagas Disease,GZMB
Chagas Disease,HAVCR2
Chagas Disease,HBA1
Chagas Disease,HDAC9
Chagas Disease,HIF1A
Chagas Disease,HLA-A
Chagas Disease,HLA-B
Chagas Disease,HLA-C
Chagas Disease,HLA-DPB1
Chagas Disease,HLA-DQA1
Chagas Disease,HLA-DQB1
Chagas Disease,HLA-DRB1
Chagas Disease,HM13
Chagas Disease,HMOX1
Chagas Disease,HP
Chagas Disease,HPR
Chagas Disease,HPRT1
Chagas Disease,HS3ST4
Chagas Disease,HSP90AA1
Chagas Disease,HSP90AB1
Chagas Disease,HSPA4
Chagas Disease,HSPB8
Chagas Disease,HSPD1
Chagas Disease,HSPE1
Chagas Disease,HSPG2
Chagas Disease,IFI27
Chagas Disease,IFNB1
Chagas Disease,IFNG
Chagas Disease,IFNL3
Chagas Disease,IFNL4
Chagas Disease,IL10
Chagas Disease,IL10RA
Chagas Disease,IL12B
Chagas Disease,IL15
Chagas Disease,IL17A
Chagas Disease,IL17F
Chagas Disease,IL18
Chagas Disease,IL1A
Chagas Disease,IL1B
Chagas Disease,IL1RAPL2
Chagas Disease,IL1RN
Chagas Disease,IL2
Chagas Disease,IL27
Chagas Disease,IL2RA
Chagas Disease,IL2RB
Chagas Disease,IL32
Chagas Disease,IL4
Chagas Disease,IL4R
Chagas Disease,IL5
Chagas Disease,IL6
Chagas Disease,IL6ST
Chagas Disease,IL7
Chagas Disease,IL7R
Chagas Disease,ILRUN
Chagas Disease,IMMP2L
Chagas Disease,INS
Chagas Disease,INTS3
Chagas Disease,IPCEF1
Chagas Disease,IRF3
Chagas Disease,IRGM
Chagas Disease,ITCH
Chagas Disease,ITGA4
Chagas Disease,ITGAL
Chagas Disease,ITGB1
Chagas Disease,ITLN1
Chagas Disease,ITPR1
Chagas Disease,IZUMO1R
Chagas Disease,KALRN
Chagas Disease,KAZN
Chagas Disease,KCNMB3
Chagas Disease,KCNQ1
Chagas Disease,KIF13B
Chagas Disease,KIR3DL1
Chagas Disease,KLF4
Chagas Disease,KLK1
Chagas Disease,KLK14
Chagas Disease,KLK4
Chagas Disease,KLRK1
Chagas Disease,KNG1
Chagas Disease,KRT18
Chagas Disease,LAG3
Chagas Disease,LAMA5
Chagas Disease,LAMC1
Chagas Disease,LAMP2
Chagas Disease,LBR
Chagas Disease,LDB3
Chagas Disease,LEP
Chagas Disease,LGALS1
Chagas Disease,LGALS3
Chagas Disease,LGALS9
Chagas Disease,LILRB1
Chagas Disease,LINGO4
Chagas Disease,LMLN
Chagas Disease,LPIN2
Chagas Disease,LRFN2
Chagas Disease,LRIG1
Chagas Disease,LRP1
Chagas Disease,LRRC4C
Chagas Disease,LSS
Chagas Disease,LTA
Chagas Disease,LY6E
Chagas Disease,LZTS2
Chagas Disease,MAGI2
Chagas Disease,MAJIN
Chagas Disease,MAPK10
Chagas Disease,MASP1
Chagas Disease,MASP2
Chagas Disease,MBL2
Chagas Disease,MDH1
Chagas Disease,MDH2
Chagas Disease,MGAT4C
Chagas Disease,MGST1
Chagas Disease,MICA
Chagas Disease,MIF
Chagas Disease,MIP
Chagas Disease,MITF
Chagas Disease,MLXIPL
Chagas Disease,MMP2
Chagas Disease,MMP3
Chagas Disease,MMP8
Chagas Disease,MMP9
Chagas Disease,MOCS1
Chagas Disease,MPO
Chagas Disease,MRAS
Chagas Disease,MRC1
Chagas Disease,MRPL14
Chagas Disease,MRPL28
Chagas Disease,MRPL9
Chagas Disease,MSI1
Chagas Disease,MSI2
Chagas Disease,MT-CO2
Chagas Disease,MT-CO3
Chagas Disease,MT-CYB
Chagas Disease,MTHFR
Chagas Disease,MT-ND4
Chagas Disease,MTOR
Chagas Disease,MX1
Chagas Disease,MYC
Chagas Disease,MYMX
Chagas Disease,MYPN
Chagas Disease,NAALADL1
Chagas Disease,NCAM1
Chagas Disease,NCR1
Chagas Disease,NCR3
Chagas Disease,NDC80
Chagas Disease,NELL1
Chagas Disease,NEU1
Chagas Disease,NFE2L2
Chagas Disease,NFIC
Chagas Disease,NFKBIE
Chagas Disease,NFKBIL1
Chagas Disease,NGF
Chagas Disease,NID1
Chagas Disease,NLRP1
Chagas Disease,NOD2
Chagas Disease,NOS1
Chagas Disease,NOS2
Chagas Disease,NOS3
Chagas Disease,NPAS3
Chagas Disease,NPPA
Chagas Disease,NPPB
Chagas Disease,NPPC
Chagas Disease,NPR3
Chagas Disease,NRG1
Chagas Disease,NT5E
Chagas Disease,NTF3
Chagas Disease,NTRK1
Chagas Disease,NTRK2
Chagas Disease,NTRK3
Chagas Disease,OAZ3
Chagas Disease,OCA2
Chagas Disease,ODC1
Chagas Disease,OGDH
Chagas Disease,OLFML2B
Chagas Disease,OTUD7A
Chagas Disease,P2RX7
Chagas Disease,PARG
Chagas Disease,PARP1
Chagas Disease,PCK2
Chagas Disease,PCNA
Chagas Disease,PDCD1
Chagas Disease,PDF
Chagas Disease,PDGFA
Chagas Disease,PDGFB
Chagas Disease,PDGFRB
Chagas Disease,PDGFRL
Chagas Disease,PECAM1
Chagas Disease,PEX14
Chagas Disease,PGD
Chagas Disease,PHACTR1
Chagas Disease,PHKA2
Chagas Disease,PIK3C2A
Chagas Disease,PIK3CG
Chagas Disease,PLA2G4F
Chagas Disease,PLAA
Chagas Disease,PLN
Chagas Disease,PLS1
Chagas Disease,PNO1
Chagas Disease,PNPLA8
Chagas Disease,POLR1C
Chagas Disease,POR
Chagas Disease,PPHLN1
Chagas Disease,PPIL2
Chagas Disease,PRDX5
Chagas Disease,PREP
Chagas Disease,PRF1
Chagas Disease,PRPF18
Chagas Disease,PTGS2
Chagas Disease,PTPN22
Chagas Disease,PTPN3
Chagas Disease,PTPN9
Chagas Disease,PTPRD
Chagas Disease,PTX3
Chagas Disease,PYCARD
Chagas Disease,RAP1GAP2
Chagas Disease,RBP1
Chagas Disease,RELA
Chagas Disease,REN
Chagas Disease,RGS6
Chagas Disease,RIIAD1
Chagas Disease,RNF133
Chagas Disease,RPIA
Chagas Disease,RPL27
Chagas Disease,RPLP0
Chagas Disease,RPLP2
Chagas Disease,RSL1D1
Chagas Disease,RUNDC3B
Chagas Disease,S100B
Chagas Disease,S1PR1
Chagas Disease,SAC3D1
Chagas Disease,SAFB
Chagas Disease,SCG5
Chagas Disease,SCN5A
Chagas Disease,SDC4
Chagas Disease,SELENBP1
Chagas Disease,SERPINA1
Chagas Disease,SERPINA3
Chagas Disease,SERPINB5
Chagas Disease,SERPINC1
Chagas Disease,SGMS1
Chagas Disease,SHISA9
Chagas Disease,SIGLEC8
Chagas Disease,SLAMF6
Chagas Disease,SLC11A1
Chagas Disease,SLC18A3
Chagas Disease,SLC29A1
Chagas Disease,SLC35B2
Chagas Disease,SLC5A11
Chagas Disease,SLC8A1
Chagas Disease,SLC9A9
Chagas Disease,SLCO1B1
Chagas Disease,SMAD2
Chagas Disease,SMAP2
Chagas Disease,SMIM29
Chagas Disease,SMIM8
Chagas Disease,SNX15
Chagas Disease,SNX27
Chagas Disease,SOAT1
Chagas Disease,SOD1
Chagas Disease,SOD2
Chagas Disease,SPTB
Chagas Disease,SQLE
Chagas Disease,SRM
Chagas Disease,SST
Chagas Disease,STAT3
Chagas Disease,STK11
Chagas Disease,SUMF2
Chagas Disease,SV2C
Chagas Disease,SYT7
Chagas Disease,SYT9
Chagas Disease,TAT
Chagas Disease,TBK1
Chagas Disease,TBX15
Chagas Disease,TCFL5
Chagas Disease,TCN2
Chagas Disease,TDRKH
Chagas Disease,TG
Chagas Disease,TGFB1
Chagas Disease,TGFBR1
Chagas Disease,TH
Chagas Disease,THBD
Chagas Disease,THEM5
Chagas Disease,THSD4
Chagas Disease,TIAM1
Chagas Disease,TIGIT
Chagas Disease,TIMELESS
Chagas Disease,TIMP1
Chagas Disease,TIMP2
Chagas Disease,TIRAP
Chagas Disease,TJAP1
Chagas Disease,TLR1
Chagas Disease,TLR2
Chagas Disease,TLR4
Chagas Disease,TLR5
Chagas Disease,TLR9
Chagas Disease,TM7SF2
Chagas Disease,TMEM151B
Chagas Disease,TMEM63B
Chagas Disease,TMPRSS13
Chagas Disease,TNF
Chagas Disease,TNFRSF1A
Chagas Disease,TNFRSF1B
Chagas Disease,TNFSF10
Chagas Disease,TOP1
Chagas Disease,TP53
Chagas Disease,TPI1
Chagas Disease,TRA
Chagas Disease,TRAV3
Chagas Disease,TRAV4
Chagas Disease,TRB
Chagas Disease,TTN
Chagas Disease,TUFT1
Chagas Disease,TXN
Chagas Disease,TXNRD1
Chagas Disease,TXNRD2
Chagas Disease,TYK2
Chagas Disease,UBA1
Chagas Disease,UNG
Chagas Disease,UQCRQ
Chagas Disease,VCAM1
Chagas Disease,VDR
Chagas Disease,VENTXP7
Chagas Disease,VIP
Chagas Disease,VPS51
Chagas Disease,WIPF2
Chagas Disease,XDH
Chagas Disease,YES1
Chagas Disease,ZBTB9
Chagas Disease,ZFPL1
Chagas Disease,ZFYVE28
Chagas Disease,ZNF208
Chagas Disease,ZNF396
Cutaneous Leishmaniasis,ABCA3
Cutaneous Leishmaniasis,ABCB1
Cutaneous Leishmaniasis,ABCB11
Cutaneous Leishmaniasis,ABCB7
Cutaneous Leishmaniasis,ABCC1
Cutaneous Leishmaniasis,ACP1
Cutaneous Leishmaniasis,ADA
Cutaneous Leishmaniasis,ADK
Cutaneous Leishmaniasis,ADRB1
Cutaneous Leishmaniasis,AGPAT1
Cutaneous Leishmaniasis,AIM2
Cutaneous Leishmaniasis,AKR1A1
Cutaneous Leishmaniasis,AKT1
Cutaneous Leishmaniasis,ALB
Cutaneous Leishmaniasis,ALOX5
Cutaneous Leishmaniasis,AMD1
Cutaneous Leishmaniasis,ANXA1
Cutaneous Leishmaniasis,ANXA5
Cutaneous Leishmaniasis,APEX1
Cutaneous Leishmaniasis,APP
Cutaneous Leishmaniasis,AQP1
Cutaneous Leishmaniasis,ARG1
Cutaneous Leishmaniasis,ARG2
Cutaneous Leishmaniasis,ATAD5
Cutaneous Leishmaniasis,ATF6B
Cutaneous Leishmaniasis,AZU1
Cutaneous Leishmaniasis,BMP6
Cutaneous Leishmaniasis,BRD2
Cutaneous Leishmaniasis,BRSK1
Cutaneous Leishmaniasis,C3
Cutaneous Leishmaniasis,C3AR1
Cutaneous Leishmaniasis,C4A
Cutaneous Leishmaniasis,C5AR1
Cutaneous Leishmaniasis,CALR
Cutaneous Leishmaniasis,CANT1
Cutaneous Leishmaniasis,CARD8
Cutaneous Leishmaniasis,CASP1
Cutaneous Leishmaniasis,CASP3
Cutaneous Leishmaniasis,CAT
Cutaneous Leishmaniasis,CBS
Cutaneous Leishmaniasis,CCDC40
Cutaneous Leishmaniasis,CCL1
Cutaneous Leishmaniasis,CCL2
Cutaneous Leishmaniasis,CCL3
Cutaneous Leishmaniasis,CCL4
Cutaneous Leishmaniasis,CCL5
Cutaneous Leishmaniasis,CCR1
Cutaneous Leishmaniasis,CCR2
Cutaneous Leishmaniasis,CCR3
Cutaneous Leishmaniasis,CCR5
Cutaneous Leishmaniasis,CCR7
Cutaneous Leishmaniasis,CD14
Cutaneous Leishmaniasis,CD163
Cutaneous Leishmaniasis,CD1A
Cutaneous Leishmaniasis,CD209
Cutaneous Leishmaniasis,CD247
Cutaneous Leishmaniasis,CD274
Cutaneous Leishmaniasis,CD28
Cutaneous Leishmaniasis,CD38
Cutaneous Leishmaniasis,CD4
Cutaneous Leishmaniasis,CD40
Cutaneous Leishmaniasis,CD40LG
Cutaneous Leishmaniasis,CD68
Cutaneous Leishmaniasis,CD69
Cutaneous Leishmaniasis,CD79A
Cutaneous Leishmaniasis,CD83
Cutaneous Leishmaniasis,CD8A
Cutaneous Leishmaniasis,CDH1
Cutaneous Leishmaniasis,CDKN3
Cutaneous Leishmaniasis,CHIT1
Cutaneous Leishmaniasis,CHKB
Cutaneous Leishmaniasis,CIITA
Cutaneous Leishmaniasis,CISH
Cutaneous Leishmaniasis,COL1A1
Cutaneous Leishmaniasis,CP
Cutaneous Leishmaniasis,CPT1B
Cutaneous Leishmaniasis,CR1
Cutaneous Leishmaniasis,CRLF3
Cutaneous Leishmaniasis,CRP
Cutaneous Leishmaniasis,CSF1
Cutaneous Leishmaniasis,CSF2
Cutaneous Leishmaniasis,CSNK1E
Cutaneous Leishmaniasis,CST3
Cutaneous Leishmaniasis,CTLA4
Cutaneous Leishmaniasis,CTSB
Cutaneous Leishmaniasis,CTSG
Cutaneous Leishmaniasis,CXCL10
Cutaneous Leishmaniasis,CXCL8
Cutaneous Leishmaniasis,CXCL9
Cutaneous Leishmaniasis,CXCR1
Cutaneous Leishmaniasis,CXCR2
Cutaneous Leishmaniasis,CXCR3
Cutaneous Leishmaniasis,CYP20A1
Cutaneous Leishmaniasis,CYP51A1
Cutaneous Leishmaniasis,DHFR
Cutaneous Leishmaniasis,DIP2A
Cutaneous Leishmaniasis,DNAH11
Cutaneous Leishmaniasis,DOCK8
Cutaneous Leishmaniasis,DPP4
Cutaneous Leishmaniasis,DSG1
Cutaneous Leishmaniasis,DUSP29
Cutaneous Leishmaniasis,DYM
Cutaneous Leishmaniasis,EEF1A1
Cutaneous Leishmaniasis,EEF1B2
Cutaneous Leishmaniasis,EEF2
Cutaneous Leishmaniasis,EIF2AK2
Cutaneous Leishmaniasis,EIF4A1
Cutaneous Leishmaniasis,ENPP1
Cutaneous Leishmaniasis,ERV3-1
Cutaneous Leishmaniasis,ERVFRD-1
Cutaneous Leishmaniasis,ERVK-6
Cutaneous Leishmaniasis,ERVW-1
Cutaneous Leishmaniasis,F2
Cutaneous Leishmaniasis,FAS
Cutaneous Leishmaniasis,FASLG
Cutaneous Leishmaniasis,FCER2
Cutaneous Leishmaniasis,FCGR1A
Cutaneous Leishmaniasis,FCGR2A
Cutaneous Leishmaniasis,FCN2
Cutaneous Leishmaniasis,FDFT1
Cutaneous Leishmaniasis,FH
Cutaneous Leishmaniasis,FIZ1
Cutaneous Leishmaniasis,FLI1
Cutaneous Leishmaniasis,FOCAD
Cutaneous Leishmaniasis,FOXP3
Cutaneous Leishmaniasis,FPR2
Cutaneous Leishmaniasis,G6PD
Cutaneous Leishmaniasis,GAPDH
Cutaneous Leishmaniasis,GATA3
Cutaneous Leishmaniasis,GGT1
Cutaneous Leishmaniasis,GHITM
Cutaneous Leishmaniasis,GLA
Cutaneous Leishmaniasis,GLDC
Cutaneous Leishmaniasis,GLO1
Cutaneous Leishmaniasis,GNLY
Cutaneous Leishmaniasis,GNPAT
Cutaneous Leishmaniasis,GOSR1
Cutaneous Leishmaniasis,GPI
Cutaneous Leishmaniasis,GPSM3
Cutaneous Leishmaniasis,GPT
Cutaneous Leishmaniasis,GSDMD
Cutaneous Leishmaniasis,GSK3B
Cutaneous Leishmaniasis,GSR
Cutaneous Leishmaniasis,GSTP1
Cutaneous Leishmaniasis,GZMA
Cutaneous Leishmaniasis,GZMB
Cutaneous Leishmaniasis,H1-5
Cutaneous Leishmaniasis,HABP2
Cutaneous Leishmaniasis,HAMP
Cutaneous Leishmaniasis,HBG2
Cutaneous Leishmaniasis,HDAC1
Cutaneous Leishmaniasis,HDAC4
Cutaneous Leishmaniasis,HIF1A
Cutaneous Leishmaniasis,HLA-A
Cutaneous Leishmaniasis,HLA-B
Cutaneous Leishmaniasis,HLA-C
Cutaneous Leishmaniasis,HLA-DMA
Cutaneous Leishmaniasis,HLA-DMB
Cutaneous Leishmaniasis,HLA-DOB
Cutaneous Leishmaniasis,HLA-DPA1
Cutaneous Leishmaniasis,HLA-DPB1
Cutaneous Leishmaniasis,HLA-DQA1
Cutaneous Leishmaniasis,HLA-DQA2
Cutaneous Leishmaniasis,HLA-DQB1
Cutaneous Leishmaniasis,HLA-DQB2
Cutaneous Leishmaniasis,HLA-DRA
Cutaneous Leishmaniasis,HLA-DRB1
Cutaneous Leishmaniasis,HLA-DRB5
Cutaneous Leishmaniasis,HLA-G
Cutaneous Leishmaniasis,HMOX1
Cutaneous Leishmaniasis,HMSD
Cutaneous Leishmaniasis,HP
Cutaneous Leishmaniasis,HPR
Cutaneous Leishmaniasis,HRH1
Cutaneous Leishmaniasis,HSP90AA1
Cutaneous Leishmaniasis,HSP90AB1
Cutaneous Leishmaniasis,HSPA1L
Cutaneous Leishmaniasis,HSPA2
Cutaneous Leishmaniasis,HSPA4
Cutaneous Leishmaniasis,HSPA5
Cutaneous Leishmaniasis,HSPA8
Cutaneous Leishmaniasis,HSPBP1
Cutaneous Leishmaniasis,HSPD1
Cutaneous Leishmaniasis,ICAM1
Cutaneous Leishmaniasis,ICAM2
Cutaneous Leishmaniasis,ICAM3
Cutaneous Leishmaniasis,IDO1
Cutaneous Leishmaniasis,IFNA1
Cutaneous Leishmaniasis,IFNB1
Cutaneous Leishmaniasis,IFNG
Cutaneous Leishmaniasis,IFNGR1
Cutaneous Leishmaniasis,IGF1
Cutaneous Leishmaniasis,IGFBP3
Cutaneous Leishmaniasis,IGHE
Cutaneous Leishmaniasis,IL10
Cutaneous Leishmaniasis,IL10RA
Cutaneous Leishmaniasis,IL11RA
Cutaneous Leishmaniasis,IL12A
Cutaneous Leishmaniasis,IL12B
Cutaneous Leishmaniasis,IL12RB1
Cutaneous Leishmaniasis,IL12RB2
Cutaneous Leishmaniasis,IL13
Cutaneous Leishmaniasis,IL15
Cutaneous Leishmaniasis,IL17A
Cutaneous Leishmaniasis,IL17D
Cutaneous Leishmaniasis,IL18
Cutaneous Leishmaniasis,IL1A
Cutaneous Leishmaniasis,IL1B
Cutaneous Leishmaniasis,IL1R1
Cutaneous Leishmaniasis,IL1RAP
Cutaneous Leishmaniasis,IL1RAPL2
Cutaneous Leishmaniasis,IL1RL1
Cutaneous Leishmaniasis,IL1RN
Cutaneous Leishmaniasis,IL2
Cutaneous Leishmaniasis,IL21
Cutaneous Leishmaniasis,IL22
Cutaneous Leishmaniasis,IL23A
Cutaneous Leishmaniasis,IL23R
Cutaneous Leishmaniasis,IL27
Cutaneous Leishmaniasis,IL2RA
Cutaneous Leishmaniasis,IL2RB
Cutaneous Leishmaniasis,IL3
Cutaneous Leishmaniasis,IL32
Cutaneous Leishmaniasis,IL33
Cutaneous Leishmaniasis,IL4
Cutaneous Leishmaniasis,IL4R
Cutaneous Leishmaniasis,IL5
Cutaneous Leishmaniasis,IL6
Cutaneous Leishmaniasis,IL9
Cutaneous Leishmaniasis,IRAK1
Cutaneous Leishmaniasis,IRF1
Cutaneous Leishmaniasis,IRF8
Cutaneous Leishmaniasis,ITGAL
Cutaneous Leishmaniasis,ITGAM
Cutaneous Leishmaniasis,ITGAX
Cutaneous Leishmaniasis,ITGB2
Cutaneous Leishmaniasis,JAK1
Cutaneous Leishmaniasis,JAK2
Cutaneous Leishmaniasis,JAK3
Cutaneous Leishmaniasis,KAT5
Cutaneous Leishmaniasis,KCNH2
Cutaneous Leishmaniasis,KIF2B
Cutaneous Leishmaniasis,KLRK1
Cutaneous Leishmaniasis,KMT5C
Cutaneous Leishmaniasis,KRT80
Cutaneous Leishmaniasis,LAMP1
Cutaneous Leishmaniasis,LAMP2
Cutaneous Leishmaniasis,LBR
Cutaneous Leishmaniasis,LENG8
Cutaneous Leishmaniasis,LGALS3
Cutaneous Leishmaniasis,LGALS9C
Cutaneous Leishmaniasis,LMF2
Cutaneous Leishmaniasis,LMLN
Cutaneous Leishmaniasis,LMNA
Cutaneous Leishmaniasis,LPA
Cutaneous Leishmaniasis,LRP1
Cutaneous Leishmaniasis,LSS
Cutaneous Leishmaniasis,LTA
Cutaneous Leishmaniasis,MAPK1
Cutaneous Leishmaniasis,MAPK10
Cutaneous Leishmaniasis,MAPK14
Cutaneous Leishmaniasis,MAPK3
Cutaneous Leishmaniasis,MAPK8
Cutaneous Leishmaniasis,MAPK8IP2
Cutaneous Leishmaniasis,MBL2
Cutaneous Leishmaniasis,MDH2
Cutaneous Leishmaniasis,MECP2
Cutaneous Leishmaniasis,MED23
Cutaneous Leishmaniasis,MEFV
Cutaneous Leishmaniasis,MET
Cutaneous Leishmaniasis,METAP2
Cutaneous Leishmaniasis,MIF
Cutaneous Leishmaniasis,MMP1
Cutaneous Leishmaniasis,MMP9
Cutaneous Leishmaniasis,MOXD1
Cutaneous Leishmaniasis,MPI
Cutaneous Leishmaniasis,MPP1
Cutaneous Leishmaniasis,MRC1
Cutaneous Leishmaniasis,MT-CYB
Cutaneous Leishmaniasis,MT-ND2
Cutaneous Leishmaniasis,MTOR
Cutaneous Leishmaniasis,MYC
Cutaneous Leishmaniasis,NCAM1
Cutaneous Leishmaniasis,NCOA2
Cutaneous Leishmaniasis,NEU1
Cutaneous Leishmaniasis,NFKB1
Cutaneous Leishmaniasis,NFKB2
Cutaneous Leishmaniasis,NLRP1
Cutaneous Leishmaniasis,NLRP3
Cutaneous Leishmaniasis,NOD2
Cutaneous Leishmaniasis,NOS2
Cutaneous Leishmaniasis,NT5E
Cutaneous Leishmaniasis,OCA2
Cutaneous Leishmaniasis,ODC1
Cutaneous Leishmaniasis,P2RX7
Cutaneous Leishmaniasis,P4HB
Cutaneous Leishmaniasis,PAGE2
Cutaneous Leishmaniasis,PAGE4
Cutaneous Leishmaniasis,PDCD1
Cutaneous Leishmaniasis,PEDS1
Cutaneous Leishmaniasis,PEPD
Cutaneous Leishmaniasis,PEX14
Cutaneous Leishmaniasis,PGD
Cutaneous Leishmaniasis,PHB1
Cutaneous Leishmaniasis,PIK3CG
Cutaneous Leishmaniasis,PLA2G4A
Cutaneous Leishmaniasis,PLCG1
Cutaneous Leishmaniasis,PLG
Cutaneous Leishmaniasis,PNP
Cutaneous Leishmaniasis,POLR1C
Cutaneous Leishmaniasis,POLR2A
Cutaneous Leishmaniasis,PPARG
Cutaneous Leishmaniasis,PPP6R1
Cutaneous Leishmaniasis,PRDM1
Cutaneous Leishmaniasis,PRF1
Cutaneous Leishmaniasis,PRMT2
Cutaneous Leishmaniasis,PSMB9
Cutaneous Leishmaniasis,PSTPIP1
Cutaneous Leishmaniasis,PTEN
Cutaneous Leishmaniasis,PTGES2
Cutaneous Leishmaniasis,PTGS2
Cutaneous Leishmaniasis,PTK2B
Cutaneous Leishmaniasis,PTPN1
Cutaneous Leishmaniasis,PTPN11
Cutaneous Leishmaniasis,PTPN2
Cutaneous Leishmaniasis,PTPN3
Cutaneous Leishmaniasis,PTPN6
Cutaneous Leishmaniasis,PTPRU
Cutaneous Leishmaniasis,PTX3
Cutaneous Leishmaniasis,PXDN
Cutaneous Leishmaniasis,PXDNL
Cutaneous Leishmaniasis,PYCARD
Cutaneous Leishmaniasis,RAB11FIP5
Cutaneous Leishmaniasis,RELA
Cutaneous Leishmaniasis,RIPK2
Cutaneous Leishmaniasis,RNASE3
Cutaneous Leishmaniasis,RNF7
Cutaneous Leishmaniasis,RPL14
Cutaneous Leishmaniasis,RPL28
Cutaneous Leishmaniasis,RPL6
Cutaneous Leishmaniasis,RPLP0
Cutaneous Leishmaniasis,RPS11
Cutaneous Leishmaniasis,RXRB
Cutaneous Leishmaniasis,S100B
Cutaneous Leishmaniasis,SAA4
Cutaneous Leishmaniasis,SELL
Cutaneous Leishmaniasis,SELP
Cutaneous Leishmaniasis,SERPINB10
Cutaneous Leishmaniasis,SERPINB8
Cutaneous Leishmaniasis,SH2D1A
Cutaneous Leishmaniasis,SIRPA
Cutaneous Leishmaniasis,SLC11A1
Cutaneous Leishmaniasis,SLC17A5
Cutaneous Leishmaniasis,SLC6A4
Cutaneous Leishmaniasis,SMPX
Cutaneous Leishmaniasis,SNX9
Cutaneous Leishmaniasis,SOCS1
Cutaneous Leishmaniasis,SOCS3
Cutaneous Leishmaniasis,SOD1
Cutaneous Leishmaniasis,SPATC1L
Cutaneous Leishmaniasis,SPN
Cutaneous Leishmaniasis,SPSB1
Cutaneous Leishmaniasis,SPSB2
Cutaneous Leishmaniasis,SPSB4
Cutaneous Leishmaniasis,SPTA1
Cutaneous Leishmaniasis,SPTB
Cutaneous Leishmaniasis,SQLE
Cutaneous Leishmaniasis,SRC
Cutaneous Leishmaniasis,SRM
Cutaneous Leishmaniasis,STAT1
Cutaneous Leishmaniasis,STAT4
Cutaneous Leishmaniasis,STX7
Cutaneous Leishmaniasis,SYT5
Cutaneous Leishmaniasis,TAC1
Cutaneous Leishmaniasis,TAP2
Cutaneous Leishmaniasis,TBX21
Cutaneous Leishmaniasis,TCF4
Cutaneous Leishmaniasis,TF
Cutaneous Leishmaniasis,TGFB1
Cutaneous Leishmaniasis,TJP1
Cutaneous Leishmaniasis,TLR2
Cutaneous Leishmaniasis,TLR3
Cutaneous Leishmaniasis,TLR4
Cutaneous Leishmaniasis,TLR7
Cutaneous Leishmaniasis,TLR9
Cutaneous Leishmaniasis,TMEM238
Cutaneous Leishmaniasis,TMEM86B
Cutaneous Leishmaniasis,TNF
Cutaneous Leishmaniasis,TNFRSF18
Cutaneous Leishmaniasis,TNFRSF1A
Cutaneous Leishmaniasis,TNFRSF8
Cutaneous Leishmaniasis,TNFSF10
Cutaneous Leishmaniasis,TOLLIP
Cutaneous Leishmaniasis,TOP1
Cutaneous Leishmaniasis,TOP2B
Cutaneous Leishmaniasis,TPI1
Cutaneous Leishmaniasis,TREM1
Cutaneous Leishmaniasis,TRIM24
Cutaneous Leishmaniasis,TRIP4
Cutaneous Leishmaniasis,TSLP
Cutaneous Leishmaniasis,TSPAN9
Cutaneous Leishmaniasis,TTR
Cutaneous Leishmaniasis,TUBB
Cutaneous Leishmaniasis,TXN
Cutaneous Leishmaniasis,TXNIP
Cutaneous Leishmaniasis,TXNRD1
Cutaneous Leishmaniasis,TXNRD2
Cutaneous Leishmaniasis,U2AF2
Cutaneous Leishmaniasis,UBA1
Cutaneous Leishmaniasis,UBE2D1
Cutaneous Leishmaniasis,UBE2S
Cutaneous Leishmaniasis,UCN2
Cutaneous Leishmaniasis,UGCG
Cutaneous Leishmaniasis,UQCRFS1
Cutaneous Leishmaniasis,VCP
Cutaneous Leishmaniasis,VDR
Cutaneous Leishmaniasis,VIL1
Cutaneous Leishmaniasis,VPS52
Cutaneous Leishmaniasis,ZNF385D
Cutaneous Leishmaniasis,ZNF579
Cutaneous Leishmaniasis,ZNF580
Cutaneous Leishmaniasis,ZNF581
Cutaneous Leishmaniasis,ZNF628
Cutaneous Leishmaniasis,ZNF784
Cystic echinococcosis,A4GALT
Cystic echinococcosis,AFP
Cystic echinococcosis,ALPP
Cystic echinococcosis,CABP1
Cystic echinococcosis,CBS
Cystic echinococcosis,CCL17
Cystic echinococcosis,CD4
Cystic echinococcosis,CD40LG
Cystic echinococcosis,CD8A
Cystic echinococcosis,CRP
Cystic echinococcosis,CYP1A1
Cystic echinococcosis,EEF1B2
Cystic echinococcosis,EEF1D
Cystic echinococcosis,ELOF1
Cystic echinococcosis,GPI
Cystic echinococcosis,GZMB
Cystic echinococcosis,HAVCR2
Cystic echinococcosis,HLA-A
Cystic echinococcosis,HLA-B
Cystic echinococcosis,HLA-DQB1
Cystic echinococcosis,HLA-DRB1
Cystic echinococcosis,IFNA1
Cystic echinococcosis,IFNG
Cystic echinococcosis,IGHE
Cystic echinococcosis,IL10
Cystic echinococcosis,IL12B
Cystic echinococcosis,IL17A
Cystic echinococcosis,IL27
Cystic echinococcosis,IL2RA
Cystic echinococcosis,IL4
Cystic echinococcosis,IL5
Cystic echinococcosis,IL6
Cystic echinococcosis,IL9
Cystic echinococcosis,INS
Cystic echinococcosis,KLRK1
Cystic echinococcosis,LBR
Cystic echinococcosis,LGALS9
Cystic echinococcosis,LOX
Cystic echinococcosis,MAPK1
Cystic echinococcosis,MAPK3
Cystic echinococcosis,MAPK8
Cystic echinococcosis,MB
Cystic echinococcosis,MDH1
Cystic echinococcosis,MDH2
Cystic echinococcosis,MET
Cystic echinococcosis,MT-ATP6
Cystic echinococcosis,MT-CO1
Cystic echinococcosis,MT-ND1
Cystic echinococcosis,MT-ND2
Cystic echinococcosis,MT-ND5
Cystic echinococcosis,MTOR
Cystic echinococcosis,NFKB1
Cystic echinococcosis,NOS1
Cystic echinococcosis,REG1A
Cystic echinococcosis,RNASE1
Cystic echinococcosis,RNASE3
Cystic echinococcosis,RRAGB
Cystic echinococcosis,SERPINC1
Cystic echinococcosis,SPP1
Cystic echinococcosis,STAT3
Cystic echinococcosis,TAP1
Cystic echinococcosis,TAP2
Cystic echinococcosis,TGFB1
Cystic echinococcosis,TGFB3
Cystic echinococcosis,TLR2
Cystic echinococcosis,TLR4
Cystic echinococcosis,TNF
Cystic echinococcosis,TSPAN32
Cystic echinococcosis,XDH
Cysticercosis,ADA
Cysticercosis,ALB
Cysticercosis,C3
Cysticercosis,C5
Cysticercosis,C8B
Cysticercosis,C9
Cysticercosis,CALR
Cysticercosis,CARD9
Cysticercosis,CASP1
Cysticercosis,CBS
Cysticercosis,CCL11
Cysticercosis,CCL2
Cysticercosis,CCL3
Cysticercosis,CCL4
Cysticercosis,CCL5
Cysticercosis,CD4
Cysticercosis,CD40LG
Cysticercosis,CD46
Cysticercosis,CD55
Cysticercosis,CES2
Cysticercosis,CFI
Cysticercosis,CFP
Cysticercosis,CHGA
Cysticercosis,CKB
Cysticercosis,CPQ
Cysticercosis,CRP
Cysticercosis,CSF2
Cysticercosis,CSF3
Cysticercosis,CTLA4
Cysticercosis,CXCL1
Cysticercosis,CXCL13
Cysticercosis,CXCL8
Cysticercosis,DBH
Cysticercosis,DSCAM-AS1
Cysticercosis,DUT
Cysticercosis,ENO2
Cysticercosis,ERVW-1
Cysticercosis,F3
Cysticercosis,FCGR2A
Cysticercosis,FN1
Cysticercosis,GDNF
Cysticercosis,GFAP
Cysticercosis,GK3
Cysticercosis,HLA-B
Cysticercosis,HPRT1
Cysticercosis,ICAM1
Cysticercosis,IFNG
Cysticercosis,IGHE
Cysticercosis,IL10
Cysticercosis,IL12B
Cysticercosis,IL13
Cysticercosis,IL17A
Cysticercosis,IL18
Cysticercosis,IL1A
Cysticercosis,IL1B
Cysticercosis,IL1RAPL2
Cysticercosis,IL2
Cysticercosis,IL2RA
Cysticercosis,IL4
Cysticercosis,IL5
Cysticercosis,IL6
Cysticercosis,INTS5
Cysticercosis,IRAK4
Cysticercosis,LACTB
Cysticercosis,LBP
Cysticercosis,LTF
Cysticercosis,LYZ
Cysticercosis,MBL2
Cysticercosis,MDH1
Cysticercosis,MEFV
Cysticercosis,MIF
Cysticercosis,MIR125B1
Cysticercosis,MIRLET7C
Cysticercosis,MMP9
Cysticercosis,MPO
Cysticercosis,MT-CO1
Cysticercosis,MT-CYB
Cysticercosis,MT-ND1
Cysticercosis,NLRP3
Cysticercosis,PDCD1LG2
Cysticercosis,PGR
Cysticercosis,PPBP
Cysticercosis,RMRP
Cysticercosis,RPLP2
Cysticercosis,S100B
Cysticercosis,SAA4
Cysticercosis,SERPINA5
Cysticercosis,SLC5A2
Cysticercosis,SNORD15A
Cysticercosis,ST7-OT3
Cysticercosis,STH
Cysticercosis,TGFB1
Cysticercosis,TLR2
Cysticercosis,TLR4
Cysticercosis,TLR9
Cysticercosis,TNF
Cysticercosis,TPI1
Cysticercosis,TRAF1
Cysticercosis,TSPAN32
Cysticercosis,TXNRD3
Elephantiasis,ACHE
Elephantiasis,ACKR2
Elephantiasis,ADGRL1
Elephantiasis,AGPAT1
Elephantiasis,ALB
Elephantiasis,AMBP
Elephantiasis,ATF6B
Elephantiasis,BCHE
Elephantiasis,BRD2
Elephantiasis,C4A
Elephantiasis,CBS
Elephantiasis,CCL11
Elephantiasis,CCL3
Elephantiasis,CCL5
Elephantiasis,CCR9
Elephantiasis,CD27
Elephantiasis,CD4
Elephantiasis,CD40LG
Elephantiasis,CD8A
Elephantiasis,CDKAL1
Elephantiasis,CDRT4
Elephantiasis,CEACAM1
Elephantiasis,CHIT1
Elephantiasis,CHP2
Elephantiasis,CISH
Elephantiasis,COL3A1
Elephantiasis,CRIPT
Elephantiasis,CRP
Elephantiasis,CSF2
Elephantiasis,CTLA4
Elephantiasis,CXCL8
Elephantiasis,EDN1
Elephantiasis,EDNRB
Elephantiasis,ELANE
Elephantiasis,ELN
Elephantiasis,EPX
Elephantiasis,ERN2
Elephantiasis,ERV3-1
Elephantiasis,ERVFRD-1
Elephantiasis,ERVW-1
Elephantiasis,FABP12
Elephantiasis,FAM241A
Elephantiasis,FLT4
Elephantiasis,FOXC2
Elephantiasis,FOXP3
Elephantiasis,GATA3
Elephantiasis,GATB
Elephantiasis,GPSM3
Elephantiasis,HLA-DMA
Elephantiasis,HLA-DMB
Elephantiasis,HLA-DOA
Elephantiasis,HLA-DOB
Elephantiasis,HLA-DPA1
Elephantiasis,HLA-DPB1
Elephantiasis,HLA-DQA1
Elephantiasis,HLA-DQA2
Elephantiasis,HLA-DQB1
Elephantiasis,HLA-DQB2
Elephantiasis,HLA-DRA
Elephantiasis,HLA-DRB1
Elephantiasis,HLA-DRB5
Elephantiasis,HLA-F
Elephantiasis,ICOS
Elephantiasis,IFNG
Elephantiasis,IGHE
Elephantiasis,IL10
Elephantiasis,IL13
Elephantiasis,IL1A
Elephantiasis,IL2
Elephantiasis,IL4
Elephantiasis,IL4R
Elephantiasis,IL5
Elephantiasis,IL6
Elephantiasis,IL7
Elephantiasis,ITFG1
Elephantiasis,LBP
Elephantiasis,LGALS3BP
Elephantiasis,LTBP1
Elephantiasis,LYPD4
Elephantiasis,MBL2
Elephantiasis,MMP2
Elephantiasis,MPO
Elephantiasis,MT-CO1
Elephantiasis,NAGLU
Elephantiasis,NARS1
Elephantiasis,NARS2
Elephantiasis,NEGR1
Elephantiasis,NF1
Elephantiasis,NOD1
Elephantiasis,NOD2
Elephantiasis,NR1H2
Elephantiasis,PDCD1
Elephantiasis,PDCD1LG2
Elephantiasis,PDE3B
Elephantiasis,POP7
Elephantiasis,PPARA
Elephantiasis,PRDX1
Elephantiasis,PRDX4
Elephantiasis,PSMB8
Elephantiasis,PSMB9
Elephantiasis,RBM33
Elephantiasis,RNASE3
Elephantiasis,RXRB
Elephantiasis,SELL
Elephantiasis,SERPINA3
Elephantiasis,SLC24A5
Elephantiasis,SSPN
Elephantiasis,STH
Elephantiasis,TAFA5
Elephantiasis,TAP2
Elephantiasis,TGFB1
Elephantiasis,TLR1
Elephantiasis,TLR2
Elephantiasis,TLR4
Elephantiasis,TLR9
Elephantiasis,TNF
Elephantiasis,TNFRSF18
Elephantiasis,TNFRSF1B
Elephantiasis,TVP23C
Elephantiasis,TVP23C-CDRT4
Elephantiasis,TXNRD3
Elephantiasis,VEGFA
Elephantiasis,VEGFC
Elephantiasis,VPS52
Fascioliasis,ABCG2
Fascioliasis,ALB
Fascioliasis,ALPP
Fascioliasis,CBS
Fascioliasis,CD40LG
Fascioliasis,CD79A
Fascioliasis,CDKN2A
Fascioliasis,CDKN2B
Fascioliasis,CEBPB
Fascioliasis,CP
Fascioliasis,CTSL
Fascioliasis,CTSS
Fascioliasis,CTSV
Fascioliasis,FABP12
Fascioliasis,GGT1
Fascioliasis,GOT2
Fascioliasis,GPT
Fascioliasis,HLA-B
Fascioliasis,IFNA2
Fascioliasis,IFNG
Fascioliasis,IGHE
Fascioliasis,IL10
Fascioliasis,IL1B
Fascioliasis,IL2RB
Fascioliasis,IL4
Fascioliasis,INS
Fascioliasis,KRT20
Fascioliasis,LAP3
Fascioliasis,LGALS1
Fascioliasis,LGALS3
Fascioliasis,MLH1
Fascioliasis,MSH2
Fascioliasis,MT-CO1
Fascioliasis,MT-ND1
Fascioliasis,MUC1
Fascioliasis,MUC5AC
Fascioliasis,NF2
Fascioliasis,PDCD4
Fascioliasis,PPIA
Fascioliasis,PRDM2
Fascioliasis,PRKAR1A
Fascioliasis,PSAP
Fascioliasis,PSAPL1
Fascioliasis,RUNX3
Fascioliasis,SELE
Fascioliasis,SLC17A5
Fascioliasis,SMAD4
Fascioliasis,SNAI1
Fascioliasis,SOD1
Fascioliasis,TACSTD2
Fascioliasis,TFF1
Fascioliasis,TFF2
Fascioliasis,TFF3
Fascioliasis,TFPI
Fascioliasis,TMSB10
Fascioliasis,TP53
Giardiasis,ADPRH
Giardiasis,ALB
Giardiasis,APRT
Giardiasis,ATP12A
Giardiasis,ATP4A
Giardiasis,CCL2
Giardiasis,CD4
Giardiasis,CD40LG
Giardiasis,CD79A
Giardiasis,CD8A
Giardiasis,CERNA3
Giardiasis,CRP
Giardiasis,CSN1S1
Giardiasis,CXCL8
Giardiasis,DEFA5
Giardiasis,DEFB4A
Giardiasis,EMSLR
Giardiasis,ENO1
Giardiasis,ERVFRD-1
Giardiasis,FAS-AS1
Giardiasis,FCN2
Giardiasis,FCN3
Giardiasis,GHSR
Giardiasis,GLUD1
Giardiasis,GLUD2
Giardiasis,GZMB
Giardiasis,H6PD
Giardiasis,HPRT1
Giardiasis,IFNG
Giardiasis,IGHE
Giardiasis,IL10
Giardiasis,IL17A
Giardiasis,IL2
Giardiasis,IL2RB
Giardiasis,IL4
Giardiasis,IL5
Giardiasis,IL6
Giardiasis,IRX2-DT
Giardiasis,LALBA
Giardiasis,LINC01672
Giardiasis,LINC02605
Giardiasis,MBL2
Giardiasis,MGAM
Giardiasis,MYLK
Giardiasis,MYLK3
Giardiasis,NLRP1
Giardiasis,NOS2
Giardiasis,OTC
Giardiasis,PIGR
Giardiasis,RELA
Giardiasis,RNASE3
Giardiasis,RNU4-2
Giardiasis,S100A9
Giardiasis,SCT
Giardiasis,SI
Giardiasis,SLC5A1
Giardiasis,SLC7A11-AS1
Giardiasis,SMAD5-AS1
Giardiasis,SNORD15A
Giardiasis,SOD2-OT1
Giardiasis,ST7-OT3
Giardiasis,TFF3
Giardiasis,TGFB1
Giardiasis,TGM2
Giardiasis,TIA1
Giardiasis,TJP1
Giardiasis,TMX2-CTNND1
Giardiasis,TNF
Giardiasis,TOR1A
Giardiasis,TPI1
Giardiasis,TREH
Giardiasis,TRV-AAC1-4
Giardiasis,TUBA1B
Giardiasis,VIL1
Malaria,ABCA1
Malaria,ABCB1
Malaria,ABCB6
Malaria,ABCC1
Malaria,ABO
Malaria,ABRA
Malaria,ACE
Malaria,ACE2
Malaria,ACHE
Malaria,ACKR1
Malaria,ACKR2
Malaria,ACKR4
Malaria,ACP1
Malaria,ADA
Malaria,ADAM17
Malaria,ADAMTS13
Malaria,ADAMTSL1
Malaria,ADCY9
Malaria,ADD1
Malaria,ADH7
Malaria,ADRB2
Malaria,AFP
Malaria,AGO2
Malaria,AGTR1
Malaria,AICDA
Malaria,AIF1
Malaria,AIRE
Malaria,AKR1C2
Malaria,AKT1
Malaria,ALAD
Malaria,ALAS2
Malaria,ALB
Malaria,AMBP
Malaria,ANGPT1
Malaria,ANGPT2
Malaria,ANK1
Malaria,ANK2
Malaria,ANK3
Malaria,ANXA5
Malaria,APCS
Malaria,APLN
Malaria,APLNR
Malaria,APOA1
Malaria,APOBEC1
Malaria,APOBEC3F
Malaria,APOBEC3G
Malaria,APOE
Malaria,APOL1
Malaria,ARL14
Malaria,ATAD1
Malaria,ATM
Malaria,ATP2B4
Malaria,ATP6AP1
Malaria,B2M
Malaria,BANF1
Malaria,BCL11A
Malaria,BCL6
Malaria,BCL7B
Malaria,BCR
Malaria,BDNF
Malaria,BRCA1
Malaria,BSG
Malaria,BST2
Malaria,BTK
Malaria,BUD23
Malaria,C1orf141
Malaria,C1QBP
Malaria,C3
Malaria,C4A
Malaria,C4orf17
Malaria,C5AR1
Malaria,C6orf15
Malaria,CASK
Malaria,CASP1
Malaria,CASP3
Malaria,CBS
Malaria,CCL11
Malaria,CCL2
Malaria,CCL21
Malaria,CCL3
Malaria,CCL3L1
Malaria,CCL4
Malaria,CCL5
Malaria,CCL7
Malaria,CCL8
Malaria,CCNT1
Malaria,CCR1
Malaria,CCR2
Malaria,CCR3
Malaria,CCR4
Malaria,CCR5
Malaria,CCR7
Malaria,CCR8
Malaria,CCT7
Malaria,CD163
Malaria,CD2
Malaria,CD209
Malaria,CD247
Malaria,CD27
Malaria,CD28
Malaria,CD34
Malaria,CD36
Malaria,CD38
Malaria,CD4
Malaria,CD40
Malaria,CD40LG
Malaria,CD44
Malaria,CD46
Malaria,CD47
Malaria,CD5
Malaria,CD55
Malaria,CD59
Malaria,CD69
Malaria,CD79A
Malaria,CD80
Malaria,CD81
Malaria,CD86
Malaria,CD8A
Malaria,CD9
Malaria,CDAN1
Malaria,CDK9
Malaria,CDR1
Malaria,CEBPB
Malaria,CFH
Malaria,CFI
Malaria,CFP
Malaria,CHI3L1
Malaria,CHIT1
Malaria,CHST13
Malaria,CHUK
Malaria,CIITA
Malaria,CISH
Malaria,CLEC12A
Malaria,CLEC4D
Malaria,CLEC4M
Malaria,CLIC2
Malaria,CMKLR2
Malaria,CNTF
Malaria,CNTN2
Malaria,COPB1
Malaria,COQ2
Malaria,CP
Malaria,CPLANE1
Malaria,CPQ
Malaria,CR1
Malaria,CR2
Malaria,CRAT
Malaria,CRP
Malaria,CSF1
Malaria,CSF2
Malaria,CSF3
Malaria,CSMD1
Malaria,CSNK2A1
Malaria,CTLA4
Malaria,CTNNB1
Malaria,CTRB1
Malaria,CTRB2
Malaria,CTSG
Malaria,CX3CR1
Malaria,CXCL1
Malaria,CXCL10
Malaria,CXCL11
Malaria,CXCL12
Malaria,CXCL8
Malaria,CXCL9
Malaria,CXCR2
Malaria,CXCR3
Malaria,CXCR4
Malaria,CXCR5
Malaria,CXCR6
Malaria,CYB5R1
Malaria,CYB5R2
Malaria,CYB5R3
Malaria,CYB5R4
Malaria,CYB5RL
Malaria,CYBB
Malaria,CYCS
Malaria,CYGB
Malaria,CYP2B6
Malaria,CYP2C18
Malaria,CYP2C8
Malaria,CYP2D6
Malaria,CYP3A4
Malaria,CYP3A5
Malaria,CYP51A1
Malaria,DCLRE1C
Malaria,DDC
Malaria,DDX39B
Malaria,DHFR
Malaria,DHFR2
Malaria,DHODH
Malaria,DHPS
Malaria,DLX4
Malaria,DMTN
Malaria,DNAI7
Malaria,DNAJC5
Malaria,DNASE1
Malaria,DNMT1
Malaria,DNMT3B
Malaria,DPP4
Malaria,EDN1
Malaria,EGF
Malaria,EIF2AK2
Malaria,EIF5A
Malaria,ELANE
Malaria,ELP3
Malaria,ENG
Malaria,EPB41
Malaria,EPB42
Malaria,EPO
Malaria,EPOR
Malaria,ERV3-1
Malaria,ERVFRD-1
Malaria,ERVK-6
Malaria,ERVW-1
Malaria,F2
Malaria,F3
Malaria,F9
Malaria,FABP3
Malaria,FAS
Malaria,FASLG
Malaria,FCER2
Malaria,FCGR1A
Malaria,FCGR2A
Malaria,FCGR2B
Malaria,FCGR3A
Malaria,FCGR3B
Malaria,FCGRT
Malaria,FCN2
Malaria,FCRL4
Malaria,FGA
Malaria,FIGNL1
Malaria,FKBP6
Malaria,FLT1
Malaria,FN1
Malaria,FOS
Malaria,FOXO3
Malaria,FOXP3
Malaria,FREM3
Malaria,FURIN
Malaria,FUT9
Malaria,FYB1
Malaria,G6PC1
Malaria,G6PD
Malaria,GAPDH
Malaria,GATA1
Malaria,GCH1
Malaria,GLRX
Malaria,GLUD1
Malaria,GMDS
Malaria,GPI
Malaria,GPR15
Malaria,GPT
Malaria,GPX2
Malaria,GPX3
Malaria,GPX4
Malaria,GPX5
Malaria,GPX6
Malaria,GPX7
Malaria,GPX8
Malaria,GSR
Malaria,GSTM1
Malaria,GSTP1
Malaria,GTF3A
Malaria,GYPA
Malaria,GYPB
Malaria,GYPC
Malaria,GYPE
Malaria,GZMB
Malaria,H6PD
Malaria,HABP2
Malaria,HAMP
Malaria,HAVCR1
Malaria,HAVCR2
Malaria,HBA1
Malaria,HBA2
Malaria,HBB
Malaria,HBD
Malaria,HBE1
Malaria,HBG1
Malaria,HBG2
Malaria,HBS1L
Malaria,HCK
Malaria,HDHD3
Malaria,HEXIM1
Malaria,HFE
Malaria,HIF1A
Malaria,HIVEP1
Malaria,HLA-A
Malaria,HLA-B
Malaria,HLA-C
Malaria,HLA-DQA1
Malaria,HLA-DQB1
Malaria,HLA-DRB1
Malaria,HLA-DRB5
Malaria,HLA-G
Malaria,HM13
Malaria,HMGB1
Malaria,HMOX1
Malaria,HNRNPA1
Malaria,HP
Malaria,HPX
Malaria,HRH1
Malaria,HSP90AA1
Malaria,HSPA4
Malaria,HSPD1
Malaria,ICAM1
Malaria,ICAM2
Malaria,ICAM3
Malaria,IDO1
Malaria,IFIH1
Malaria,IFNA1
Malaria,IFNA2
Malaria,IFNAR1
Malaria,IFNB1
Malaria,IFNG
Malaria,IFNGR1
Malaria,IFT80
Malaria,IGF1
Malaria,IGKV1D-33
Malaria,IKBKG
Malaria,IL10
Malaria,IL10RA
Malaria,IL12B
Malaria,IL12RB1
Malaria,IL12RB2
Malaria,IL13
Malaria,IL15
Malaria,IL16
Malaria,IL17A
Malaria,IL17F
Malaria,IL18
Malaria,IL18R1
Malaria,IL1A
Malaria,IL1B
Malaria,IL1R1
Malaria,IL1RN
Malaria,IL2
Malaria,IL21
Malaria,IL22
Malaria,IL23R
Malaria,IL2RA
Malaria,IL2RB
Malaria,IL2RG
Malaria,IL3
Malaria,IL33
Malaria,IL4
Malaria,IL4R
Malaria,IL5
Malaria,IL6
Malaria,IL6R
Malaria,IL7
Malaria,IL7R
Malaria,IL9
Malaria,INS
Malaria,IRAK4
Malaria,IRF1
Malaria,IRF3
Malaria,IRF7
Malaria,ITGAL
Malaria,ITGAM
Malaria,ITGB2
Malaria,ITIH4
Malaria,JAK3
Malaria,JUN
Malaria,KARS1
Malaria,KAT5
Malaria,KCNA3
Malaria,KCNK4
Malaria,KCNN4
Malaria,KIF26B
Malaria,KIR2DL3
Malaria,KIR3DL1
Malaria,KITLG
Malaria,KL
Malaria,KLF1
Malaria,KLRC1
Malaria,KLRK1
Malaria,KPNA4
Malaria,KRAS
Malaria,LAG3
Malaria,LAIR1
Malaria,LAT
Malaria,LAT2
Malaria,LBR
Malaria,LCK
Malaria,LCN2
Malaria,LGALS3
Malaria,LIF
Malaria,LIG4
Malaria,LILRB1
Malaria,LILRB2
Malaria,LMBRD2
Malaria,LMNTD1
Malaria,LOC124903206
Malaria,LOC124903248
Malaria,LOC124904573
Malaria,LOC128092250
Malaria,LTA
Malaria,LTB
Malaria,LTF
Malaria,LY6G6D
Malaria,MAOA
Malaria,MAPK8
Malaria,MAPKAPK3
Malaria,MARVELD3
Malaria,MB
Malaria,MBL2
Malaria,MBP
Malaria,MDFIC
Malaria,MICB
Malaria,MIF
Malaria,MIPEP
Malaria,MMP1
Malaria,MMP8
Malaria,MMP9
Malaria,MORN5
Malaria,MPL
Malaria,MPO
Malaria,MR1
Malaria,MS4A1
Malaria,MT-CO1
Malaria,MT-CO3
Malaria,MT-CYB
Malaria,MTSS2
Malaria,MTTP
Malaria,MUC22
Malaria,MYB
Malaria,MYD88
Malaria,MYH7
Malaria,MYOC
Malaria,NALF1
Malaria,NBN
Malaria,NCR3
Malaria,NDUFA8
Malaria,NFE2L2
Malaria,NFKBIA
Malaria,NIPBL
Malaria,NLRP12
Malaria,NLRP3
Malaria,NME2
Malaria,NMRAL1
Malaria,NMT1
Malaria,NOS2
Malaria,NOS3
Malaria,NR1I2
Malaria,NRG1
Malaria,NSUN2
Malaria,NSUN5
Malaria,NT5E
Malaria,NUGGC
Malaria,OBP2B
Malaria,ODC1
Malaria,OR51V1
Malaria,ORC1
Malaria,P4HB
Malaria,PAK2
Malaria,PCSK6
Malaria,PDCD1
Malaria,PDXK
Malaria,PECAM1
Malaria,PERP
Malaria,PF4
Malaria,PGD
Malaria,PGF
Malaria,PIEZO1
Malaria,PIEZO2
Malaria,PIK3CD
Malaria,PIK3CG
Malaria,PIK3R1
Malaria,PKHD1
Malaria,PKLR
Malaria,PKM
Malaria,PLA2G10
Malaria,PLA2G2A
Malaria,PLAT
Malaria,PLAUR
Malaria,PLG
Malaria,PNOC
Malaria,PNP
Malaria,POLR2L
Malaria,POM121
Malaria,PPBP
Malaria,PPIA
Malaria,PPM1L
Malaria,PRDX2
Malaria,PRDX5
Malaria,PRDX6
Malaria,PRKG1
Malaria,PROCR
Malaria,PRPF40B
Malaria,PRTN3
Malaria,PSIP1
Malaria,PSMB9
Malaria,PSMC3
Malaria,PSORS1C1
Malaria,PTGS1
Malaria,PTGS2
Malaria,PTK2B
Malaria,PTPRC
Malaria,PTPRM
Malaria,PURA
Malaria,RAB12
Malaria,RAB27A
Malaria,RAC2
Malaria,RAG1
Malaria,RAG2
Malaria,RAP1A
Malaria,RBP4
Malaria,RDH10
Malaria,REL
Malaria,RELA
Malaria,RFC2
Malaria,RFX1
Malaria,RFX5
Malaria,RFXANK
Malaria,RFXAP
Malaria,RHAG
Malaria,RHCE
Malaria,RHD
Malaria,RHOF
Malaria,RIPK1
Malaria,RNASE3
Malaria,RNASEL
Malaria,RPL4
Malaria,RPL7
Malaria,RRH
Malaria,S100B
Malaria,SAA1
Malaria,SALL1
Malaria,SCARA5
Malaria,SCARB1
Malaria,SEC23B
Malaria,SECISBP2
Malaria,SELE
Malaria,SELENOI
Malaria,SELL
Malaria,SELP
Malaria,SENP7
Malaria,SERPINA1
Malaria,SERPINC1
Malaria,SERPINE1
Malaria,SH2D1A
Malaria,SHMT1
Malaria,SLAMF1
Malaria,SLC12A4
Malaria,SLC1A3
Malaria,SLC22A7
Malaria,SLC2A1
Malaria,SLC37A4
Malaria,SLC40A1
Malaria,SLC4A1
Malaria,SLCO1B1
Malaria,SLPI
Malaria,SMARCAL1
Malaria,SMYD3
Malaria,SOD1
Malaria,SP1
Malaria,SPN
Malaria,SPP1
Malaria,SPTA1
Malaria,SRM
Malaria,SRSF2
Malaria,STAT1
Malaria,STAT4
Malaria,STAT5A
Malaria,STAT5B
Malaria,STAT6
Malaria,STAU2
Malaria,STING1
Malaria,STOM
Malaria,STOML3
Malaria,STX1A
Malaria,SYK
Malaria,TAFAZZIN
Malaria,TARBP1
Malaria,TARBP2
Malaria,TAS2R14
Malaria,TAS2R4
Malaria,TAT
Malaria,TBK1
Malaria,TBL2
Malaria,TBP
Malaria,TCN2
Malaria,TEC
Malaria,TEK
Malaria,TF
Malaria,TFRC
Malaria,TGFB1
Malaria,TGIF1
Malaria,THBD
Malaria,THBS1
Malaria,THPO
Malaria,TIMD4
Malaria,TIMP1
Malaria,TIRAP
Malaria,TJP1
Malaria,TLR1
Malaria,TLR2
Malaria,TLR4
Malaria,TLR6
Malaria,TLR9
Malaria,TMEM150C
Malaria,TMLHE
Malaria,TMOD1
Malaria,TMOD2
Malaria,TMOD3
Malaria,TMOD4
Malaria,TMPRSS11D
Malaria,TNF
Malaria,TNFAIP3
Malaria,TNFRSF13B
Malaria,TNFRSF18
Malaria,TNFRSF1A
Malaria,TNFRSF1B
Malaria,TNFRSF8
Malaria,TNFSF11
Malaria,TNFSF13B
Malaria,TP53
Malaria,TPI1
Malaria,TPT1
Malaria,TRAF3
Malaria,TRAF6
Malaria,TREM1
Malaria,TRIM5
Malaria,TSG101
Malaria,TSHZ3
Malaria,TTLL11
Malaria,TTR
Malaria,TXN
Malaria,TYMS
Malaria,UBP1
Malaria,UGT1A1
Malaria,UGT1A10
Malaria,UGT1A4
Malaria,UGT1A6
Malaria,UGT1A7
Malaria,UGT1A8
Malaria,UMPS
Malaria,UNG
Malaria,UROC1
Malaria,VAC14
Malaria,VAV1
Malaria,VCAM1
Malaria,VEGFA
Malaria,VNN1
Malaria,VPS37D
Malaria,VWF
Malaria,WAS
Malaria,WIPF1
Malaria,WRNIP1
Malaria,XDH
Malaria,XPO1
Malaria,ZAP70
Malaria,ZNF536
Malaria,ZXDC
Mucocutaneous Leishmaniasis,ADA
Mucocutaneous Leishmaniasis,AIM2
Mucocutaneous Leishmaniasis,AKR1A1
Mucocutaneous Leishmaniasis,AKT1
Mucocutaneous Leishmaniasis,ALB
Mucocutaneous Leishmaniasis,ANXA1
Mucocutaneous Leishmaniasis,ANXA5
Mucocutaneous Leishmaniasis,ARG1
Mucocutaneous Leishmaniasis,ARG2
Mucocutaneous Leishmaniasis,BMP6
Mucocutaneous Leishmaniasis,BRD2
Mucocutaneous Leishmaniasis,C3
Mucocutaneous Leishmaniasis,C4A
Mucocutaneous Leishmaniasis,CASP1
Mucocutaneous Leishmaniasis,CASP3
Mucocutaneous Leishmaniasis,CBS
Mucocutaneous Leishmaniasis,CCL2
Mucocutaneous Leishmaniasis,CCL3
Mucocutaneous Leishmaniasis,CCL4
Mucocutaneous Leishmaniasis,CCL5
Mucocutaneous Leishmaniasis,CCR1
Mucocutaneous Leishmaniasis,CCR2
Mucocutaneous Leishmaniasis,CCR3
Mucocutaneous Leishmaniasis,CCR5
Mucocutaneous Leishmaniasis,CD14
Mucocutaneous Leishmaniasis,CD163
Mucocutaneous Leishmaniasis,CD209
Mucocutaneous Leishmaniasis,CD247
Mucocutaneous Leishmaniasis,CD274
Mucocutaneous Leishmaniasis,CD28
Mucocutaneous Leishmaniasis,CD4
Mucocutaneous Leishmaniasis,CD40
Mucocutaneous Leishmaniasis,CD40LG
Mucocutaneous Leishmaniasis,CD69
Mucocutaneous Leishmaniasis,CD79A
Mucocutaneous Leishmaniasis,CD83
Mucocutaneous Leishmaniasis,CD86
Mucocutaneous Leishmaniasis,CD8A
Mucocutaneous Leishmaniasis,CDH1
Mucocutaneous Leishmaniasis,CDKN3
Mucocutaneous Leishmaniasis,CIITA
Mucocutaneous Leishmaniasis,COL1A1
Mucocutaneous Leishmaniasis,CP
Mucocutaneous Leishmaniasis,CR1
Mucocutaneous Leishmaniasis,CRP
Mucocutaneous Leishmaniasis,CSF1
Mucocutaneous Leishmaniasis,CSF2
Mucocutaneous Leishmaniasis,CSNK1E
Mucocutaneous Leishmaniasis,CTLA4
Mucocutaneous Leishmaniasis,CTSB
Mucocutaneous Leishmaniasis,CXCL10
Mucocutaneous Leishmaniasis,CXCL8
Mucocutaneous Leishmaniasis,CXCL9
Mucocutaneous Leishmaniasis,CXCR1
Mucocutaneous Leishmaniasis,CXCR2
Mucocutaneous Leishmaniasis,CXCR3
Mucocutaneous Leishmaniasis,CYP51A1
Mucocutaneous Leishmaniasis,DOCK8
Mucocutaneous Leishmaniasis,DSG1
Mucocutaneous Leishmaniasis,DUT
Mucocutaneous Leishmaniasis,EEF1A1
Mucocutaneous Leishmaniasis,EEF1B2
Mucocutaneous Leishmaniasis,F2
Mucocutaneous Leishmaniasis,FAS
Mucocutaneous Leishmaniasis,FASLG
Mucocutaneous Leishmaniasis,FCER2
Mucocutaneous Leishmaniasis,FCGR1A
Mucocutaneous Leishmaniasis,FCGR2A
Mucocutaneous Leishmaniasis,FLI1
Mucocutaneous Leishmaniasis,FOXP3
Mucocutaneous Leishmaniasis,FPR2
Mucocutaneous Leishmaniasis,G6PD
Mucocutaneous Leishmaniasis,GATA3
Mucocutaneous Leishmaniasis,GLA
Mucocutaneous Leishmaniasis,GNLY
Mucocutaneous Leishmaniasis,GPI
Mucocutaneous Leishmaniasis,GPT
Mucocutaneous Leishmaniasis,GSR
Mucocutaneous Leishmaniasis,GZMB
Mucocutaneous Leishmaniasis,HABP2
Mucocutaneous Leishmaniasis,HAMP
Mucocutaneous Leishmaniasis,HIF1A
Mucocutaneous Leishmaniasis,HLA-A
Mucocutaneous Leishmaniasis,HLA-B
Mucocutaneous Leishmaniasis,HLA-C
Mucocutaneous Leishmaniasis,HLA-DMA
Mucocutaneous Leishmaniasis,HLA-DMB
Mucocutaneous Leishmaniasis,HLA-DOA
Mucocutaneous Leishmaniasis,HLA-DOB
Mucocutaneous Leishmaniasis,HLA-DPA1
Mucocutaneous Leishmaniasis,HLA-DPB1
Mucocutaneous Leishmaniasis,HLA-DQA1
Mucocutaneous Leishmaniasis,HLA-DQA2
Mucocutaneous Leishmaniasis,HLA-DQB1
Mucocutaneous Leishmaniasis,HLA-DQB2
Mucocutaneous Leishmaniasis,HLA-DRA
Mucocutaneous Leishmaniasis,HLA-DRB1
Mucocutaneous Leishmaniasis,HLA-DRB5
Mucocutaneous Leishmaniasis,HLA-G
Mucocutaneous Leishmaniasis,HMOX1
Mucocutaneous Leishmaniasis,HSP90AA1
Mucocutaneous Leishmaniasis,HSPA4
Mucocutaneous Leishmaniasis,HSPD1
Mucocutaneous Leishmaniasis,ICAM1
Mucocutaneous Leishmaniasis,ICAM2
Mucocutaneous Leishmaniasis,IFNA1
Mucocutaneous Leishmaniasis,IFNB1
Mucocutaneous Leishmaniasis,IFNG
Mucocutaneous Leishmaniasis,IFNGR1
Mucocutaneous Leishmaniasis,IGF1
Mucocutaneous Leishmaniasis,IGHE
Mucocutaneous Leishmaniasis,IL10
Mucocutaneous Leishmaniasis,IL12A
Mucocutaneous Leishmaniasis,IL12B
Mucocutaneous Leishmaniasis,IL12RB1
Mucocutaneous Leishmaniasis,IL12RB2
Mucocutaneous Leishmaniasis,IL13
Mucocutaneous Leishmaniasis,IL15
Mucocutaneous Leishmaniasis,IL17A
Mucocutaneous Leishmaniasis,IL17D
Mucocutaneous Leishmaniasis,IL18
Mucocutaneous Leishmaniasis,IL1A
Mucocutaneous Leishmaniasis,IL1B
Mucocutaneous Leishmaniasis,IL1R1
Mucocutaneous Leishmaniasis,IL1RAP
Mucocutaneous Leishmaniasis,IL1RAPL2
Mucocutaneous Leishmaniasis,IL1RN
Mucocutaneous Leishmaniasis,IL2
Mucocutaneous Leishmaniasis,IL21
Mucocutaneous Leishmaniasis,IL22
Mucocutaneous Leishmaniasis,IL23A
Mucocutaneous Leishmaniasis,IL23R
Mucocutaneous Leishmaniasis,IL27
Mucocutaneous Leishmaniasis,IL2RA
Mucocutaneous Leishmaniasis,IL2RB
Mucocutaneous Leishmaniasis,IL3
Mucocutaneous Leishmaniasis,IL33
Mucocutaneous Leishmaniasis,IL4
Mucocutaneous Leishmaniasis,IL4R
Mucocutaneous Leishmaniasis,IL5
Mucocutaneous Leishmaniasis,IL6
Mucocutaneous Leishmaniasis,IL9
Mucocutaneous Leishmaniasis,IRF8
Mucocutaneous Leishmaniasis,ITGAL
Mucocutaneous Leishmaniasis,ITGAM
Mucocutaneous Leishmaniasis,ITGAX
Mucocutaneous Leishmaniasis,ITGB2
Mucocutaneous Leishmaniasis,JAK1
Mucocutaneous Leishmaniasis,JAK2
Mucocutaneous Leishmaniasis,JAK3
Mucocutaneous Leishmaniasis,KIF2B
Mucocutaneous Leishmaniasis,KLRK1
Mucocutaneous Leishmaniasis,LBR
Mucocutaneous Leishmaniasis,LMLN
Mucocutaneous Leishmaniasis,LTA
Mucocutaneous Leishmaniasis,MAPK1
Mucocutaneous Leishmaniasis,MAPK3
Mucocutaneous Leishmaniasis,MBL2
Mucocutaneous Leishmaniasis,MDH2
Mucocutaneous Leishmaniasis,MECP2
Mucocutaneous Leishmaniasis,MEFV
Mucocutaneous Leishmaniasis,MIF
Mucocutaneous Leishmaniasis,MMP1
Mucocutaneous Leishmaniasis,MMP9
Mucocutaneous Leishmaniasis,MPI
Mucocutaneous Leishmaniasis,MT-CYB
Mucocutaneous Leishmaniasis,MTOR
Mucocutaneous Leishmaniasis,MYC
Mucocutaneous Leishmaniasis,NCAM1
Mucocutaneous Leishmaniasis,NFKB1
Mucocutaneous Leishmaniasis,NLRP1
Mucocutaneous Leishmaniasis,NLRP3
Mucocutaneous Leishmaniasis,NOD2
Mucocutaneous Leishmaniasis,NOS2
Mucocutaneous Leishmaniasis,ODC1
Mucocutaneous Leishmaniasis,P2RX7
Mucocutaneous Leishmaniasis,PDCD1
Mucocutaneous Leishmaniasis,PGD
Mucocutaneous Leishmaniasis,PIK3CG
Mucocutaneous Leishmaniasis,PNP
Mucocutaneous Leishmaniasis,PRF1
Mucocutaneous Leishmaniasis,PSMB8
Mucocutaneous Leishmaniasis,PSTPIP1
Mucocutaneous Leishmaniasis,PTEN
Mucocutaneous Leishmaniasis,PTGS2
Mucocutaneous Leishmaniasis,PTX3
Mucocutaneous Leishmaniasis,RAB11FIP5
Mucocutaneous Leishmaniasis,RELA
Mucocutaneous Leishmaniasis,RNASE3
Mucocutaneous Leishmaniasis,RXRB
Mucocutaneous Leishmaniasis,S100B
Mucocutaneous Leishmaniasis,SELL
Mucocutaneous Leishmaniasis,SELP
Mucocutaneous Leishmaniasis,SLC11A1
Mucocutaneous Leishmaniasis,SRM
Mucocutaneous Leishmaniasis,STAT1
Mucocutaneous Leishmaniasis,STAT4
Mucocutaneous Leishmaniasis,TAP2
Mucocutaneous Leishmaniasis,TBX21
Mucocutaneous Leishmaniasis,TGFB1
Mucocutaneous Leishmaniasis,TJP1
Mucocutaneous Leishmaniasis,TLR2
Mucocutaneous Leishmaniasis,TLR3
Mucocutaneous Leishmaniasis,TLR4
Mucocutaneous Leishmaniasis,TLR9
Mucocutaneous Leishmaniasis,TNF
Mucocutaneous Leishmaniasis,TNFRSF18
Mucocutaneous Leishmaniasis,TNFRSF1A
Mucocutaneous Leishmaniasis,TNFRSF8
Mucocutaneous Leishmaniasis,TREM1
Mucocutaneous Leishmaniasis,TRIM24
Mucocutaneous Leishmaniasis,TSLP
Mucocutaneous Leishmaniasis,TTR
Mucocutaneous Leishmaniasis,TUBB
Myiasis,AOC1
Myiasis,BRPF1
Myiasis,CHIA
Myiasis,H1-3
Myiasis,IPO13
Myiasis,MMP10
Myiasis,MMP11
Myiasis,MT-ATP8
Myiasis,MT-CO1
Myiasis,MT-CO2
Myiasis,MT-CYB
Myiasis,MT-ND1
Myiasis,MT-ND2
Myiasis,MT-ND4L
Myiasis,MT-ND5
Myiasis,PPP1R14C
Myiasis,WDR24
Onchocerciasis,AANAT
Onchocerciasis,ADGRL1
Onchocerciasis,ALAD
Onchocerciasis,ALB
Onchocerciasis,ANGPT1
Onchocerciasis,ANGPT2
Onchocerciasis,ANK2
Onchocerciasis,ARR3
Onchocerciasis,BMP6
Onchocerciasis,CALR
Onchocerciasis,CBS
Onchocerciasis,CCL11
Onchocerciasis,CCL27
Onchocerciasis,CCL3
Onchocerciasis,CCL5
Onchocerciasis,CCL7
Onchocerciasis,CD226
Onchocerciasis,CD4
Onchocerciasis,CD40
Onchocerciasis,CD79A
Onchocerciasis,CD80
Onchocerciasis,CD86
Onchocerciasis,CHIT1
Onchocerciasis,CRIPT
Onchocerciasis,CSF2
Onchocerciasis,CTLA4
Onchocerciasis,CXCL10
Onchocerciasis,CXCL8
Onchocerciasis,CYP3A4
Onchocerciasis,CYP3A5
Onchocerciasis,DSG1
Onchocerciasis,EDN1
Onchocerciasis,EGF
Onchocerciasis,ELANE
Onchocerciasis,ENO1
Onchocerciasis,EPX
Onchocerciasis,FCER2
Onchocerciasis,FCGR2A
Onchocerciasis,FECH
Onchocerciasis,FSHR
Onchocerciasis,GATA3
Onchocerciasis,GSTO1
Onchocerciasis,HLA-DQA1
Onchocerciasis,HPGDS
Onchocerciasis,HSPD1
Onchocerciasis,IFNG
Onchocerciasis,IGF1
Onchocerciasis,IGHE
Onchocerciasis,IL10
Onchocerciasis,IL13
Onchocerciasis,IL17A
Onchocerciasis,IL18
Onchocerciasis,IL2
Onchocerciasis,IL4
Onchocerciasis,IL4R
Onchocerciasis,IL5
Onchocerciasis,IL6
Onchocerciasis,IL7
Onchocerciasis,KLK3
Onchocerciasis,LBP
Onchocerciasis,LBR
Onchocerciasis,LGALS3BP
Onchocerciasis,LMOD1
Onchocerciasis,LTF
Onchocerciasis,LYVE1
Onchocerciasis,MGST1
Onchocerciasis,MPI
Onchocerciasis,MPO
Onchocerciasis,MT-CO1
Onchocerciasis,MT-ND4
Onchocerciasis,MT-ND5
Onchocerciasis,MYD88
Onchocerciasis,NOS2
Onchocerciasis,PDCD1
Onchocerciasis,PLA2G2A
Onchocerciasis,PLG
Onchocerciasis,POP7
Onchocerciasis,PRDX4
Onchocerciasis,RBP3
Onchocerciasis,RNASE3
Onchocerciasis,S100A12
Onchocerciasis,S100A8
Onchocerciasis,SAG
Onchocerciasis,SDHB
Onchocerciasis,SERPINA3
Onchocerciasis,SIRT2
Onchocerciasis,STH
Onchocerciasis,TCF7
Onchocerciasis,TGFB1
Onchocerciasis,TICAM1
Onchocerciasis,TLR1
Onchocerciasis,TLR2
Onchocerciasis,TLR4
Onchocerciasis,TLR6
Onchocerciasis,TLR9
Onchocerciasis,TNF
Onchocerciasis,TNFRSF18
Onchocerciasis,TNFSF18
Onchocerciasis,TUBA1A
Onchocerciasis,TUBB
Onchocerciasis,TUBB4B
Onchocerciasis,TXNRD3
Onchocerciasis,VEGFC
Onchocerciasis,WNT1
Onchocerciasis,WNT10A
Schistosomiasis,ABCA3
Schistosomiasis,ABCB7
Schistosomiasis,ACHE
Schistosomiasis,ACVRL1
Schistosomiasis,ADA
Schistosomiasis,ADK
Schistosomiasis,AGER
Schistosomiasis,ALB
Schistosomiasis,ALPP
Schistosomiasis,AMPD3
Schistosomiasis,ANG
Schistosomiasis,APC
Schistosomiasis,APOB
Schistosomiasis,APOC3
Schistosomiasis,APOE
Schistosomiasis,ARG1
Schistosomiasis,ATAD1
Schistosomiasis,ATP13A3
Schistosomiasis,BAK1
Schistosomiasis,BAX
Schistosomiasis,BCL2
Schistosomiasis,BCL2L1
Schistosomiasis,BCL9
Schistosomiasis,BLVRB
Schistosomiasis,BMP6
Schistosomiasis,BMP7
Schistosomiasis,BMPR2
Schistosomiasis,BNIP3
Schistosomiasis,BOK
Schistosomiasis,BTG1
Schistosomiasis,CALR
Schistosomiasis,CANT1
Schistosomiasis,CAT
Schistosomiasis,CBS
Schistosomiasis,CCL11
Schistosomiasis,CCL2
Schistosomiasis,CCL24
Schistosomiasis,CCL3
Schistosomiasis,CCL4
Schistosomiasis,CCL5
Schistosomiasis,CCN2
Schistosomiasis,CCND1
Schistosomiasis,CCR1
Schistosomiasis,CCR3
Schistosomiasis,CCR5
Schistosomiasis,CD14
Schistosomiasis,CD200
Schistosomiasis,CD200R1
Schistosomiasis,CD209
Schistosomiasis,CD274
Schistosomiasis,CD28
Schistosomiasis,CD36
Schistosomiasis,CD38
Schistosomiasis,CD4
Schistosomiasis,CD40LG
Schistosomiasis,CD44
Schistosomiasis,CD79A
Schistosomiasis,CD80
Schistosomiasis,CD86
Schistosomiasis,CD8A
Schistosomiasis,CDH1
Schistosomiasis,CDKN1A
Schistosomiasis,CDKN2A
Schistosomiasis,CDKN2B
Schistosomiasis,CEACAM3
Schistosomiasis,CETP
Schistosomiasis,CFI
Schistosomiasis,CFTR
Schistosomiasis,CHI3L1
Schistosomiasis,CHRM2
Schistosomiasis,CIITA
Schistosomiasis,CLEC12A
Schistosomiasis,CLEC4D
Schistosomiasis,CLEC6A
Schistosomiasis,CLEC7A
Schistosomiasis,COL14A1
Schistosomiasis,COLEC11
Schistosomiasis,COMT
Schistosomiasis,COPE
Schistosomiasis,CP
Schistosomiasis,CRP
Schistosomiasis,CSF1
Schistosomiasis,CSF2
Schistosomiasis,CSNK2B
Schistosomiasis,CTLA4
Schistosomiasis,CTRL
Schistosomiasis,CTSB
Schistosomiasis,CTSL
Schistosomiasis,CTSS
Schistosomiasis,CTSV
Schistosomiasis,CTSZ
Schistosomiasis,CXCL1
Schistosomiasis,CXCL10
Schistosomiasis,CXCL2
Schistosomiasis,CXCL8
Schistosomiasis,CXCL9
Schistosomiasis,CXCR3
Schistosomiasis,CXCR4
Schistosomiasis,CYB5A
Schistosomiasis,CYP1A2
Schistosomiasis,CYP2D6
Schistosomiasis,CYP3A4
Schistosomiasis,DIPK1A
Schistosomiasis,DLGAP5
Schistosomiasis,DNAH8
Schistosomiasis,EDN1
Schistosomiasis,EDN3
Schistosomiasis,EEF1A1
Schistosomiasis,EEF2
Schistosomiasis,EGFR
Schistosomiasis,EIF2AK4
Schistosomiasis,ELN
Schistosomiasis,ENG
Schistosomiasis,EPHB2
Schistosomiasis,EPX
Schistosomiasis,ERBB2
Schistosomiasis,F11
Schistosomiasis,F2
Schistosomiasis,F3
Schistosomiasis,FABP12
Schistosomiasis,FAM53B
Schistosomiasis,FAS
Schistosomiasis,FBRS
Schistosomiasis,FCER2
Schistosomiasis,FCN2
Schistosomiasis,FGA
Schistosomiasis,FGF2
Schistosomiasis,FHIT
Schistosomiasis,FLNB
Schistosomiasis,FMN1
Schistosomiasis,FN1
Schistosomiasis,FOXO1
Schistosomiasis,FOXO3
Schistosomiasis,FUT5
Schistosomiasis,G6PD
Schistosomiasis,GAPDH
Schistosomiasis,GDF2
Schistosomiasis,GGT1
Schistosomiasis,GJB2
Schistosomiasis,GLRX
Schistosomiasis,GOT2
Schistosomiasis,GPI
Schistosomiasis,GPT
Schistosomiasis,GSR
Schistosomiasis,GSTM1
Schistosomiasis,GSTP1
Schistosomiasis,GSTT1
Schistosomiasis,HAVCR2
Schistosomiasis,HBEGF
Schistosomiasis,HDAC8
Schistosomiasis,HGF
Schistosomiasis,HIF1A
Schistosomiasis,HLA-B
Schistosomiasis,HLA-DPA1
Schistosomiasis,HLA-DQA1
Schistosomiasis,HLA-DQB1
Schistosomiasis,HLA-DRB1
Schistosomiasis,HLA-DRB5
Schistosomiasis,HLA-G
Schistosomiasis,HMGB1
Schistosomiasis,HMGB2
Schistosomiasis,HP
Schistosomiasis,HSP90AA1
Schistosomiasis,HSPA14
Schistosomiasis,HSPA4
Schistosomiasis,HSPA8
Schistosomiasis,HSPB1
Schistosomiasis,HYAL1
Schistosomiasis,HYDIN
Schistosomiasis,ICAM1
Schistosomiasis,IFNA2
Schistosomiasis,IFNG
Schistosomiasis,IFNGR1
Schistosomiasis,IGF1
Schistosomiasis,IGHE
Schistosomiasis,IGSF3
Schistosomiasis,IKZF1
Schistosomiasis,IL10
Schistosomiasis,IL12B
Schistosomiasis,IL13
Schistosomiasis,IL13RA1
Schistosomiasis,IL13RA2
Schistosomiasis,IL15
Schistosomiasis,IL17A
Schistosomiasis,IL17B
Schistosomiasis,IL18
Schistosomiasis,IL1A
Schistosomiasis,IL1B
Schistosomiasis,IL2
Schistosomiasis,IL23A
Schistosomiasis,IL23R
Schistosomiasis,IL2RB
Schistosomiasis,IL3
Schistosomiasis,IL33
Schistosomiasis,IL4
Schistosomiasis,IL4I1
Schistosomiasis,IL5
Schistosomiasis,IL6
Schistosomiasis,IL9
Schistosomiasis,INS
Schistosomiasis,INSR
Schistosomiasis,IPO7
Schistosomiasis,JUN
Schistosomiasis,KCNK3
Schistosomiasis,KCNN3
Schistosomiasis,KNG1
Schistosomiasis,KRT18
Schistosomiasis,KRT19
Schistosomiasis,KRT20
Schistosomiasis,KRTAP19-2
Schistosomiasis,LAP3
Schistosomiasis,LCAT
Schistosomiasis,LCK
Schistosomiasis,LCN1
Schistosomiasis,LGALS3
Schistosomiasis,LGMN
Schistosomiasis,LOX
Schistosomiasis,LOXL1
Schistosomiasis,LPA
Schistosomiasis,LTA
Schistosomiasis,LTF
Schistosomiasis,MAPK14
Schistosomiasis,MAPKAP1
Schistosomiasis,MB
Schistosomiasis,MBL2
Schistosomiasis,MDH1
Schistosomiasis,MDH2
Schistosomiasis,MDM2
Schistosomiasis,MICA
Schistosomiasis,MIF
Schistosomiasis,MLH1
Schistosomiasis,MLXIPL
Schistosomiasis,MME
Schistosomiasis,MMP1
Schistosomiasis,MMP2
Schistosomiasis,MMP3
Schistosomiasis,MMP9
Schistosomiasis,MOG
Schistosomiasis,MPO
Schistosomiasis,MSH2
Schistosomiasis,MT-CO1
Schistosomiasis,MT-ND1
Schistosomiasis,MYC
Schistosomiasis,NAGLU
Schistosomiasis,NAT2
Schistosomiasis,NDUFAB1
Schistosomiasis,NGB
Schistosomiasis,NGF
Schistosomiasis,NLRP12
Schistosomiasis,NME1
Schistosomiasis,NOS2
Schistosomiasis,NOS3
Schistosomiasis,NQO1
Schistosomiasis,PCK2
Schistosomiasis,PCNA
Schistosomiasis,PDCD1
Schistosomiasis,PDE4A
Schistosomiasis,PDGFA
Schistosomiasis,PF4
Schistosomiasis,PGLYRP1
Schistosomiasis,PHB2
Schistosomiasis,PLAT
Schistosomiasis,PLAU
Schistosomiasis,PLCB4
Schistosomiasis,PLCG1
Schistosomiasis,PLG
Schistosomiasis,PMS2
Schistosomiasis,PNP
Schistosomiasis,POMC
Schistosomiasis,POSTN
Schistosomiasis,POU5F1
Schistosomiasis,PPAT
Schistosomiasis,PPBP
Schistosomiasis,PRDX5
Schistosomiasis,PRDX6
Schistosomiasis,PRKG1
Schistosomiasis,PRSS2
Schistosomiasis,PSAPL1
Schistosomiasis,PSG2
Schistosomiasis,PSMD9
Schistosomiasis,PTGS2
Schistosomiasis,PTPN6
Schistosomiasis,RARB
Schistosomiasis,RASSF1
Schistosomiasis,RB1
Schistosomiasis,RNASE2
Schistosomiasis,RNASE3
Schistosomiasis,RNF103
Schistosomiasis,ROM1
Schistosomiasis,RPL5
Schistosomiasis,RPS6KB1
Schistosomiasis,SCO1
Schistosomiasis,SCYL1
Schistosomiasis,SDCBP
Schistosomiasis,SELE
Schistosomiasis,SELL
Schistosomiasis,SERPINA1
Schistosomiasis,SERPINC1
Schistosomiasis,SERPINE1
Schistosomiasis,SERPINF2
Schistosomiasis,SERPINH1
Schistosomiasis,SHBG
Schistosomiasis,SKP2
Schistosomiasis,SLC11A1
Schistosomiasis,SLC17A5
Schistosomiasis,SNAI1
Schistosomiasis,SOCS1
Schistosomiasis,SOCS3
Schistosomiasis,SOD1
Schistosomiasis,SOD2
Schistosomiasis,SOX17
Schistosomiasis,SPARC
Schistosomiasis,SPP1
Schistosomiasis,SST
Schistosomiasis,STAT5A
Schistosomiasis,STAT6
Schistosomiasis,STH
Schistosomiasis,STOML2
Schistosomiasis,TAT
Schistosomiasis,TBX21
Schistosomiasis,TBX4
Schistosomiasis,TERT
Schistosomiasis,TF
Schistosomiasis,TGFA
Schistosomiasis,TGFB1
Schistosomiasis,TGFBR1
Schistosomiasis,TGIF1
Schistosomiasis,THBS1
Schistosomiasis,THBS2
Schistosomiasis,THPO
Schistosomiasis,TIMP1
Schistosomiasis,TIMP2
Schistosomiasis,TLR2
Schistosomiasis,TLR4
Schistosomiasis,TLR7
Schistosomiasis,TNF
Schistosomiasis,TNFRSF18
Schistosomiasis,TNFSF18
Schistosomiasis,TP53
Schistosomiasis,TP73
Schistosomiasis,TPI1
Schistosomiasis,TRPM8
Schistosomiasis,TSPAN2
Schistosomiasis,TXK
Schistosomiasis,TXN
Schistosomiasis,TXNRD3
Schistosomiasis,TYMP
Schistosomiasis,UPK2
Schistosomiasis,VCAM1
Schistosomiasis,VEGFA
Schistosomiasis,VNN1
Schistosomiasis,VWF
Schistosomiasis,XDH
Schistosomiasis,ZAP70
Strongyloidiasis,ALB
Strongyloidiasis,CCL11
Strongyloidiasis,CD4
Strongyloidiasis,CD7
Strongyloidiasis,CD79A
Strongyloidiasis,CD8A
Strongyloidiasis,CRP
Strongyloidiasis,FIP1L1
Strongyloidiasis,HBZ
Strongyloidiasis,HMOX1
Strongyloidiasis,IFNG
Strongyloidiasis,IGHE
Strongyloidiasis,IL10
Strongyloidiasis,IL13
Strongyloidiasis,IL27
Strongyloidiasis,IL37
Strongyloidiasis,IL4
Strongyloidiasis,IL5
Strongyloidiasis,LGALS3BP
Strongyloidiasis,MT-CO1
Strongyloidiasis,STH
Strongyloidiasis,TGFB1
Strongyloidiasis,TNF
Strongyloidiasis,ZEB2
Toxocariasis,ACE
Toxocariasis,CBS
Toxocariasis,CD209
Toxocariasis,CD4
Toxocariasis,DR1
Toxocariasis,ELN
Toxocariasis,FBLN5
Toxocariasis,FCER2
Toxocariasis,FIP1L1
Toxocariasis,HLA-B
Toxocariasis,IFNG
Toxocariasis,IGHE
Toxocariasis,IL10
Toxocariasis,IL13
Toxocariasis,IL4
Toxocariasis,IL5
Toxocariasis,IL6
Toxocariasis,PXDN
Toxocariasis,PXDNL
Toxocariasis,RNASE3
Toxocariasis,SLC44A1
Toxocariasis,STH
Trichinosis,CD4
Trichinosis,FOXP3
Trichinosis,HSP90AA1
Trichinosis,HSPD1
Trichinosis,IFNG
Trichinosis,IL10
Trichinosis,IL13
Trichinosis,IL17A
Trichinosis,IL1B
Trichinosis,IL3
Trichinosis,IL33
Trichinosis,IL4
Trichinosis,IL5
Trichinosis,IL6
Trichinosis,IL9
Trichinosis,PIK3C2A
Trichinosis,POMC
Trichinosis,TGFB1
Trichinosis,TNF
Trichinosis,TSLP
Trichuriasis,C22orf39
Trichuriasis,CCL23
Trichuriasis,CCR3
Trichuriasis,CD40
Trichuriasis,CD79A
Trichuriasis,CD80
Trichuriasis,CD86
Trichuriasis,CREB5
Trichuriasis,CRP
Trichuriasis,CXCL8
Trichuriasis,CYP4F3
Trichuriasis,EHMT2
Trichuriasis,HBE1
Trichuriasis,HES4
Trichuriasis,HLA-DRB3
Trichuriasis,HLA-DRB4
Trichuriasis,HRK
Trichuriasis,IDO1
Trichuriasis,IGHE
Trichuriasis,IL10
Trichuriasis,IL13
Trichuriasis,IL13RA1
Trichuriasis,IL18
Trichuriasis,IL1A
Trichuriasis,IL1R2
Trichuriasis,IL33
Trichuriasis,IL4
Trichuriasis,IL4R
Trichuriasis,IL5
Trichuriasis,IL9
Trichuriasis,LILRA3
Trichuriasis,MME
Trichuriasis,MUC5AC
Trichuriasis,NAMPT
Trichuriasis,PI3
Trichuriasis,PMP22
Trichuriasis,PRKAG1
Trichuriasis,PROK2
Trichuriasis,QPCT
Trichuriasis,RNASE2
Trichuriasis,RNASE3
Trichuriasis,RPS23
Trichuriasis,SERPINA3
Trichuriasis,SOS1
Trichuriasis,STH
Trichuriasis,TF
Trichuriasis,TNF
Trichuriasis,TUBB
Trichuriasis,UCP2
Trichuriasis,VNN2
Trypanosomiasis,ABCB1
Trypanosomiasis,ABCB7
Trypanosomiasis,ACE2
Trypanosomiasis,ADA
Trypanosomiasis,ADK
Trypanosomiasis,ADRB1
Trypanosomiasis,ALB
Trypanosomiasis,AMD1
Trypanosomiasis,ANKMY1
Trypanosomiasis,ANXA5
Trypanosomiasis,APOA1
Trypanosomiasis,APOA2
Trypanosomiasis,APOE
Trypanosomiasis,APOF
Trypanosomiasis,APOH
Trypanosomiasis,APOL1
Trypanosomiasis,APOL2
Trypanosomiasis,APOL3
Trypanosomiasis,APOL4
Trypanosomiasis,AQP2
Trypanosomiasis,BLVRB
Trypanosomiasis,BMP6
Trypanosomiasis,CALR
Trypanosomiasis,CBARP
Trypanosomiasis,CBS
Trypanosomiasis,CCL2
Trypanosomiasis,CCR3
Trypanosomiasis,CCR4
Trypanosomiasis,CCR5
Trypanosomiasis,CD200
Trypanosomiasis,CD200R1
Trypanosomiasis,CD28
Trypanosomiasis,CD33
Trypanosomiasis,CD4
Trypanosomiasis,CD40
Trypanosomiasis,CD79A
Trypanosomiasis,CD80
Trypanosomiasis,CD86
Trypanosomiasis,CD8A
Trypanosomiasis,CHRM2
Trypanosomiasis,CLEC4A
Trypanosomiasis,CPSF3
Trypanosomiasis,CRH
Trypanosomiasis,CSF3
Trypanosomiasis,CTPS1
Trypanosomiasis,CTSB
Trypanosomiasis,CTSL
Trypanosomiasis,CXCL10
Trypanosomiasis,CXCL13
Trypanosomiasis,CXCL8
Trypanosomiasis,CXCL9
Trypanosomiasis,CXCR3
Trypanosomiasis,CXCR4
Trypanosomiasis,CYP51A1
Trypanosomiasis,DHFR
Trypanosomiasis,DHODH
Trypanosomiasis,DHPS
Trypanosomiasis,DLD
Trypanosomiasis,DNAJB1
Trypanosomiasis,DPP4
Trypanosomiasis,EDNRA
Trypanosomiasis,EGF
Trypanosomiasis,EIF2AK2
Trypanosomiasis,EIF2AK4
Trypanosomiasis,EIF2S1
Trypanosomiasis,ENO2
Trypanosomiasis,ERV3-1
Trypanosomiasis,ERVFRD-1
Trypanosomiasis,ERVW-1
Trypanosomiasis,F5
Trypanosomiasis,FCER2
Trypanosomiasis,FDFT1
Trypanosomiasis,FDPS
Trypanosomiasis,FSHR
Trypanosomiasis,G6PD
Trypanosomiasis,GAPDH
Trypanosomiasis,GAS8
Trypanosomiasis,GLO1
Trypanosomiasis,GPT
Trypanosomiasis,GSR
Trypanosomiasis,H6PD
Trypanosomiasis,HLA-DPB1
Trypanosomiasis,HLA-G
Trypanosomiasis,HP
Trypanosomiasis,HPR
Trypanosomiasis,HSP90AA1
Trypanosomiasis,HSPA8
Trypanosomiasis,ICAM1
Trypanosomiasis,IDO1
Trypanosomiasis,IFNG
Trypanosomiasis,IGF1
Trypanosomiasis,IGF2
Trypanosomiasis,IGHE
Trypanosomiasis,IL10
Trypanosomiasis,IL17A
Trypanosomiasis,IL1A
Trypanosomiasis,IL1B
Trypanosomiasis,IL1RN
Trypanosomiasis,IL2RA
Trypanosomiasis,IL4
Trypanosomiasis,IL6
Trypanosomiasis,IL9
Trypanosomiasis,KCNH2
Trypanosomiasis,KEAP1
Trypanosomiasis,KLK3
Trypanosomiasis,LARS1
Trypanosomiasis,LARS2
Trypanosomiasis,LCN2
Trypanosomiasis,LGALS3
Trypanosomiasis,LMLN
Trypanosomiasis,MARS1
Trypanosomiasis,MARS2
Trypanosomiasis,MDH2
Trypanosomiasis,MMP12
Trypanosomiasis,MMP3
Trypanosomiasis,MMP8
Trypanosomiasis,MT-CYB
Trypanosomiasis,MYH9
Trypanosomiasis,NEU1
Trypanosomiasis,NFE2L2
Trypanosomiasis,NGF
Trypanosomiasis,NMT1
Trypanosomiasis,NMT2
Trypanosomiasis,NOS2
Trypanosomiasis,NOS3
Trypanosomiasis,NPPA
Trypanosomiasis,NPPB
Trypanosomiasis,NPPC
Trypanosomiasis,NTRK1
Trypanosomiasis,NTRK2
Trypanosomiasis,NTRK3
Trypanosomiasis,ODC1
Trypanosomiasis,PGD
Trypanosomiasis,PIGK
Trypanosomiasis,PLA2G2A
Trypanosomiasis,PLAA
Trypanosomiasis,POLI
Trypanosomiasis,POLR2L
Trypanosomiasis,PON1
Trypanosomiasis,POR
Trypanosomiasis,PPP5C
Trypanosomiasis,PRDX5
Trypanosomiasis,PREP
Trypanosomiasis,PTGER1
Trypanosomiasis,PTGER2
Trypanosomiasis,PTGER3
Trypanosomiasis,PYDC1
Trypanosomiasis,RAB4A
Trypanosomiasis,RPLP0
Trypanosomiasis,SELE
Trypanosomiasis,SERPINA7
Trypanosomiasis,SERPINC1
Trypanosomiasis,SIRT2
Trypanosomiasis,SLC22A1
Trypanosomiasis,SMS
Trypanosomiasis,SNAPC3
Trypanosomiasis,SRM
Trypanosomiasis,STAT1
Trypanosomiasis,TAC1
Trypanosomiasis,TACR1
Trypanosomiasis,TACR3
Trypanosomiasis,TBPL1
Trypanosomiasis,TCFL5
Trypanosomiasis,TCN2
Trypanosomiasis,TF
Trypanosomiasis,TNF
Trypanosomiasis,TNFRSF13C
Trypanosomiasis,TRB
Trypanosomiasis,TTC29
Trypanosomiasis,TUBA1A
Trypanosomiasis,TUBB4B
Trypanosomiasis,TUT1
Trypanosomiasis,TXN
Trypanosomiasis,TXNRD1
Trypanosomiasis,TXNRD2
Trypanosomiasis,UBA1
Trypanosomiasis,VPS72
Trypanosomiasis,XDH
Visceral leishmaniasis,ABCA3
Visceral leishmaniasis,ABCB1
Visceral leishmaniasis,ABCB7
Visceral leishmaniasis,ABCC1
Visceral leishmaniasis,ACP1
Visceral leishmaniasis,ADA
Visceral leishmaniasis,ADK
Visceral leishmaniasis,ADORA2B
Visceral leishmaniasis,ADRB1
Visceral leishmaniasis,AGMO
Visceral leishmaniasis,AGPAT1
Visceral leishmaniasis,AIM2
Visceral leishmaniasis,AKR1A1
Visceral leishmaniasis,AKR1B1
Visceral leishmaniasis,AKT1
Visceral leishmaniasis,ALB
Visceral leishmaniasis,ALOX5
Visceral leishmaniasis,ANXA1
Visceral leishmaniasis,ANXA5
Visceral leishmaniasis,APEX1
Visceral leishmaniasis,APP
Visceral leishmaniasis,AQP1
Visceral leishmaniasis,ARG1
Visceral leishmaniasis,ARG2
Visceral leishmaniasis,ATF6B
Visceral leishmaniasis,AZU1
Visceral leishmaniasis,BMP6
Visceral leishmaniasis,BRD2
Visceral leishmaniasis,C3
Visceral leishmaniasis,C3AR1
Visceral leishmaniasis,C4A
Visceral leishmaniasis,CALCR
Visceral leishmaniasis,CALR
Visceral leishmaniasis,CANT1
Visceral leishmaniasis,CASP1
Visceral leishmaniasis,CASP3
Visceral leishmaniasis,CAT
Visceral leishmaniasis,CBS
Visceral leishmaniasis,CCDC40
Visceral leishmaniasis,CCL1
Visceral leishmaniasis,CCL16
Visceral leishmaniasis,CCL2
Visceral leishmaniasis,CCL3
Visceral leishmaniasis,CCL4
Visceral leishmaniasis,CCL5
Visceral leishmaniasis,CCNO
Visceral leishmaniasis,CCR1
Visceral leishmaniasis,CCR3
Visceral leishmaniasis,CCR5
Visceral leishmaniasis,CCR7
Visceral leishmaniasis,CD14
Visceral leishmaniasis,CD163
Visceral leishmaniasis,CD1A
Visceral leishmaniasis,CD209
Visceral leishmaniasis,CD247
Visceral leishmaniasis,CD274
Visceral leishmaniasis,CD28
Visceral leishmaniasis,CD38
Visceral leishmaniasis,CD4
Visceral leishmaniasis,CD40
Visceral leishmaniasis,CD40LG
Visceral leishmaniasis,CD68
Visceral leishmaniasis,CD69
Visceral leishmaniasis,CD79A
Visceral leishmaniasis,CD83
Visceral leishmaniasis,CD86
Visceral leishmaniasis,CD8A
Visceral leishmaniasis,CDH1
Visceral leishmaniasis,CDKN3
Visceral leishmaniasis,CHIT1
Visceral leishmaniasis,CIITA
Visceral leishmaniasis,CISH
Visceral leishmaniasis,COL1A1
Visceral leishmaniasis,CP
Visceral leishmaniasis,CPT1B
Visceral leishmaniasis,CR1
Visceral leishmaniasis,CRP
Visceral leishmaniasis,CSF1
Visceral leishmaniasis,CSF2
Visceral leishmaniasis,CSN2
Visceral leishmaniasis,CST3
Visceral leishmaniasis,CTLA4
Visceral leishmaniasis,CTSB
Visceral leishmaniasis,CXCL10
Visceral leishmaniasis,CXCL8
Visceral leishmaniasis,CXCL9
Visceral leishmaniasis,CXCR1
Visceral leishmaniasis,CXCR2
Visceral leishmaniasis,CXCR3
Visceral leishmaniasis,CYP51A1
Visceral leishmaniasis,DHFR
Visceral leishmaniasis,DIP2A
Visceral leishmaniasis,DLL1
Visceral leishmaniasis,DNAAF3
Visceral leishmaniasis,DNAH11
Visceral leishmaniasis,DNAH5
Visceral leishmaniasis,DPEP1
Visceral leishmaniasis,DPP4
Visceral leishmaniasis,DSG1
Visceral leishmaniasis,EEF1A1
Visceral leishmaniasis,EEF1G
Visceral leishmaniasis,EEF2
Visceral leishmaniasis,ENDOG
Visceral leishmaniasis,ENPP1
Visceral leishmaniasis,ERV3-1
Visceral leishmaniasis,ERVFRD-1
Visceral leishmaniasis,ERVW-1
Visceral leishmaniasis,F2
Visceral leishmaniasis,FAS
Visceral leishmaniasis,FASLG
Visceral leishmaniasis,FCER2
Visceral leishmaniasis,FCN2
Visceral leishmaniasis,FDFT1
Visceral leishmaniasis,FH
Visceral leishmaniasis,FLI1
Visceral leishmaniasis,FOXP3
Visceral leishmaniasis,FPR2
Visceral leishmaniasis,G6PD
Visceral leishmaniasis,GAPDH
Visceral leishmaniasis,GATA3
Visceral leishmaniasis,GGT1
Visceral leishmaniasis,GLA
Visceral leishmaniasis,GLO1
Visceral leishmaniasis,GNB1L
Visceral leishmaniasis,GNPAT
Visceral leishmaniasis,GOSR1
Visceral leishmaniasis,GPAM
Visceral leishmaniasis,GPI
Visceral leishmaniasis,GPSM3
Visceral leishmaniasis,GPT
Visceral leishmaniasis,GSK3B
Visceral leishmaniasis,GSR
Visceral leishmaniasis,GSTP1
Visceral leishmaniasis,GZMB
Visceral leishmaniasis,H1-5
Visceral leishmaniasis,HABP2
Visceral leishmaniasis,HAGH
Visceral leishmaniasis,HAMP
Visceral leishmaniasis,HAUS6
Visceral leishmaniasis,HBG2
Visceral leishmaniasis,HDAC1
Visceral leishmaniasis,HIF1A
Visceral leishmaniasis,HLA-A
Visceral leishmaniasis,HLA-B
Visceral leishmaniasis,HLA-C
Visceral leishmaniasis,HLA-DMA
Visceral leishmaniasis,HLA-DMB
Visceral leishmaniasis,HLA-DOA
Visceral leishmaniasis,HLA-DOB
Visceral leishmaniasis,HLA-DPA1
Visceral leishmaniasis,HLA-DPB1
Visceral leishmaniasis,HLA-DQA1
Visceral leishmaniasis,HLA-DQA2
Visceral leishmaniasis,HLA-DQB1
Visceral leishmaniasis,HLA-DQB2
Visceral leishmaniasis,HLA-DRA
Visceral leishmaniasis,HLA-DRB1
Visceral leishmaniasis,HLA-DRB5
Visceral leishmaniasis,HLA-G
Visceral leishmaniasis,HMOX1
Visceral leishmaniasis,HP
Visceral leishmaniasis,HPR
Visceral leishmaniasis,HRH1
Visceral leishmaniasis,HSP90AA1
Visceral leishmaniasis,HSPA1L
Visceral leishmaniasis,HSPA2
Visceral leishmaniasis,HSPA4
Visceral leishmaniasis,HSPA5
Visceral leishmaniasis,HSPA8
Visceral leishmaniasis,HSPD1
Visceral leishmaniasis,ICAM1
Visceral leishmaniasis,ICAM3
Visceral leishmaniasis,IDO1
Visceral leishmaniasis,IFNA1
Visceral leishmaniasis,IFNB1
Visceral leishmaniasis,IFNG
Visceral leishmaniasis,IFNGR1
Visceral leishmaniasis,IGF1
Visceral leishmaniasis,IGFBP3
Visceral leishmaniasis,IGHE
Visceral leishmaniasis,IL10
Visceral leishmaniasis,IL10RA
Visceral leishmaniasis,IL12A
Visceral leishmaniasis,IL12B
Visceral leishmaniasis,IL12RB1
Visceral leishmaniasis,IL12RB2
Visceral leishmaniasis,IL13
Visceral leishmaniasis,IL15
Visceral leishmaniasis,IL17A
Visceral leishmaniasis,IL17D
Visceral leishmaniasis,IL18
Visceral leishmaniasis,IL1A
Visceral leishmaniasis,IL1B
Visceral leishmaniasis,IL1R1
Visceral leishmaniasis,IL1RAP
Visceral leishmaniasis,IL1RAPL2
Visceral leishmaniasis,IL1RL1
Visceral leishmaniasis,IL1RN
Visceral leishmaniasis,IL2
Visceral leishmaniasis,IL21
Visceral leishmaniasis,IL22
Visceral leishmaniasis,IL23R
Visceral leishmaniasis,IL27
Visceral leishmaniasis,IL2RA
Visceral leishmaniasis,IL2RB
Visceral leishmaniasis,IL3
Visceral leishmaniasis,IL32
Visceral leishmaniasis,IL33
Visceral leishmaniasis,IL4
Visceral leishmaniasis,IL4R
Visceral leishmaniasis,IL5
Visceral leishmaniasis,IL6
Visceral leishmaniasis,IRAK1
Visceral leishmaniasis,IRF1
Visceral leishmaniasis,IRF8
Visceral leishmaniasis,ITGAM
Visceral leishmaniasis,ITGAX
Visceral leishmaniasis,ITGB2
Visceral leishmaniasis,JAK1
Visceral leishmaniasis,JAK2
Visceral leishmaniasis,JAK3
Visceral leishmaniasis,KCNH2
Visceral leishmaniasis,KCNJ1
Visceral leishmaniasis,KIF2B
Visceral leishmaniasis,KLRK1
Visceral leishmaniasis,KRT26
Visceral leishmaniasis,LAMP1
Visceral leishmaniasis,LAMP2
Visceral leishmaniasis,LAMP3
Visceral leishmaniasis,LBR
Visceral leishmaniasis,LGALS3
Visceral leishmaniasis,LMLN
Visceral leishmaniasis,LMNA
Visceral leishmaniasis,LPA
Visceral leishmaniasis,LRP1
Visceral leishmaniasis,LSS
Visceral leishmaniasis,LTA
Visceral leishmaniasis,MAPK1
Visceral leishmaniasis,MAPK10
Visceral leishmaniasis,MAPK14
Visceral leishmaniasis,MAPK3
Visceral leishmaniasis,MAPK8
Visceral leishmaniasis,MBL2
Visceral leishmaniasis,MCIDAS
Visceral leishmaniasis,MDH2
Visceral leishmaniasis,MECP2
Visceral leishmaniasis,MEFV
Visceral leishmaniasis,MET
Visceral leishmaniasis,MIF
Visceral leishmaniasis,MMP1
Visceral leishmaniasis,MMP9
Visceral leishmaniasis,MOXD1
Visceral leishmaniasis,MPI
Visceral leishmaniasis,MPP1
Visceral leishmaniasis,MRC1
Visceral leishmaniasis,MT-CYB
Visceral leishmaniasis,MT-ND2
Visceral leishmaniasis,MTOR
Visceral leishmaniasis,MYC
Visceral leishmaniasis,NCAM1
Visceral leishmaniasis,NEU1
Visceral leishmaniasis,NFKB1
Visceral leishmaniasis,NKG7
Visceral leishmaniasis,NLRP1
Visceral leishmaniasis,NLRP3
Visceral leishmaniasis,NOD2
Visceral leishmaniasis,NOS2
Visceral leishmaniasis,NT5E
Visceral leishmaniasis,OCA2
Visceral leishmaniasis,ODC1
Visceral leishmaniasis,P2RX4
Visceral leishmaniasis,P2RX7
Visceral leishmaniasis,P4HB
Visceral leishmaniasis,PDCD1
Visceral leishmaniasis,PEPD
Visceral leishmaniasis,PEX14
Visceral leishmaniasis,PGD
Visceral leishmaniasis,PHB1
Visceral leishmaniasis,PIK3CG
Visceral leishmaniasis,PLA2G4A
Visceral leishmaniasis,PLCG1
Visceral leishmaniasis,PLG
Visceral leishmaniasis,POLR1C
Visceral leishmaniasis,PPARG
Visceral leishmaniasis,PRDM1
Visceral leishmaniasis,PROC
Visceral leishmaniasis,PSMB8
Visceral leishmaniasis,PSMB9
Visceral leishmaniasis,PSTPIP1
Visceral leishmaniasis,PTEN
Visceral leishmaniasis,PTGES2
Visceral leishmaniasis,PTGS2
Visceral leishmaniasis,PTK2B
Visceral leishmaniasis,PTP4A1
Visceral leishmaniasis,PTPN1
Visceral leishmaniasis,PTPN11
Visceral leishmaniasis,PTPN6
Visceral leishmaniasis,PTPRU
Visceral leishmaniasis,PTX3
Visceral leishmaniasis,PXDN
Visceral leishmaniasis,PXDNL
Visceral leishmaniasis,PYCARD
Visceral leishmaniasis,RAB11FIP5
Visceral leishmaniasis,RELA
Visceral leishmaniasis,RIPK2
Visceral leishmaniasis,RNASE3
Visceral leishmaniasis,RPLP0
Visceral leishmaniasis,RPS11
Visceral leishmaniasis,RXRB
Visceral leishmaniasis,S100B
Visceral leishmaniasis,SAA4
Visceral leishmaniasis,SELL
Visceral leishmaniasis,SELP
Visceral leishmaniasis,SH2D1A
Visceral leishmaniasis,SLC11A1
Visceral leishmaniasis,SLC17A5
Visceral leishmaniasis,SLC6A4
Visceral leishmaniasis,SLC7A6
Visceral leishmaniasis,SMPX
Visceral leishmaniasis,SNX9
Visceral leishmaniasis,SOCS1
Visceral leishmaniasis,SOCS3
Visceral leishmaniasis,SOD1
Visceral leishmaniasis,SPATC1L
Visceral leishmaniasis,SPN
Visceral leishmaniasis,SPTA1
Visceral leishmaniasis,SPTB
Visceral leishmaniasis,SRC
Visceral leishmaniasis,SRM
Visceral leishmaniasis,STAT1
Visceral leishmaniasis,STAT4
Visceral leishmaniasis,TAC1
Visceral leishmaniasis,TAP2
Visceral leishmaniasis,TBX21
Visceral leishmaniasis,TCF4
Visceral leishmaniasis,TF
Visceral leishmaniasis,TGFB1
Visceral leishmaniasis,TJP1
Visceral leishmaniasis,TLR2
Visceral leishmaniasis,TLR3
Visceral leishmaniasis,TLR4
Visceral leishmaniasis,TLR7
Visceral leishmaniasis,TLR9
Visceral leishmaniasis,TMPRSS13
Visceral leishmaniasis,TNF
Visceral leishmaniasis,TNFRSF1A
Visceral leishmaniasis,TNFRSF8
Visceral leishmaniasis,TNFSF10
Visceral leishmaniasis,TNP1
Visceral leishmaniasis,TOP1
Visceral leishmaniasis,TOP2B
Visceral leishmaniasis,TPI1
Visceral leishmaniasis,TREM1
Visceral leishmaniasis,TRIM24
Visceral leishmaniasis,TSLP
Visceral leishmaniasis,TTR
Visceral leishmaniasis,TUBB
Visceral leishmaniasis,TXN
Visceral leishmaniasis,U2AF2
Visceral leishmaniasis,UBA1
Visceral leishmaniasis,UCN2
Visceral leishmaniasis,UGCG
Visceral leishmaniasis,UQCRFS1
Visceral leishmaniasis,VCP
Visceral leishmaniasis,VDAC3
Visceral leishmaniasis,VDR
Visceral leishmaniasis,VIL1
Visceral leishmaniasis,VPS52
Visceral leishmaniasis,ZBTB17
Visceral leishmaniasis,ZNF385D
Visceral leishmaniasis,ZNF580
Filariasis,ACHE
Filariasis,ACP1
Filariasis,ADGRL1
Filariasis,ADK
Filariasis,ALAD
Filariasis,ALB
Filariasis,ALOX5
Filariasis,AMBP
Filariasis,ANXA5
Filariasis,AOX1
Filariasis,ARG1
Filariasis,BPIFB6
Filariasis,C3
Filariasis,CALR
Filariasis,CBS
Filariasis,CCL11
Filariasis,CCL13
Filariasis,CCL17
Filariasis,CCL18
Filariasis,CCL22
Filariasis,CCL24
Filariasis,CCL3
Filariasis,CCL5
Filariasis,CCL7
Filariasis,CCR3
Filariasis,CD27
Filariasis,CD4
Filariasis,CD40LG
Filariasis,CD79A
Filariasis,CD8A
Filariasis,CDRT4
Filariasis,CEACAM1
Filariasis,CGA
Filariasis,CHIT1
Filariasis,CISH
Filariasis,CKB
Filariasis,CKM
Filariasis,CKMT1B
Filariasis,CKMT2
Filariasis,CPQ
Filariasis,CRIPT
Filariasis,CRP
Filariasis,CSF1
Filariasis,CSF2
Filariasis,CSN1S1
Filariasis,CTLA4
Filariasis,CXCL8
Filariasis,CXCR1
Filariasis,CXCR2
Filariasis,CXCR4
Filariasis,CYCS
Filariasis,DSG1
Filariasis,EDN1
Filariasis,ELANE
Filariasis,ELN
Filariasis,EPX
Filariasis,ERV3-1
Filariasis,ERVFRD-1
Filariasis,ERVW-1
Filariasis,FABP12
Filariasis,FCER2
Filariasis,FECH
Filariasis,FLT4
Filariasis,FOXC2
Filariasis,FOXP3
Filariasis,GAPDH
Filariasis,GATA3
Filariasis,GATB
Filariasis,GCNT2
Filariasis,GPT
Filariasis,GUSB
Filariasis,HEPH
Filariasis,HLA-DQA1
Filariasis,HSPD1
Filariasis,ICOS
Filariasis,IFNG
Filariasis,IGHE
Filariasis,IL10
Filariasis,IL12B
Filariasis,IL13
Filariasis,IL17A
Filariasis,IL19
Filariasis,IL1A
Filariasis,IL1B
Filariasis,IL2
Filariasis,IL24
Filariasis,IL2RA
Filariasis,IL4
Filariasis,IL4R
Filariasis,IL5
Filariasis,IL6
Filariasis,IL7
Filariasis,IRF1
Filariasis,LAP3
Filariasis,LBP
Filariasis,LGALS1
Filariasis,LGALS3BP
Filariasis,LMOD1
Filariasis,LTB4R
Filariasis,LTBP1
Filariasis,LTF
Filariasis,MDH1
Filariasis,MDH2
Filariasis,MMP2
Filariasis,MPO
Filariasis,MRC1
Filariasis,MT-CO1
Filariasis,MYD88
Filariasis,NAGLU
Filariasis,NARS1
Filariasis,NARS2
Filariasis,NDUFAB1
Filariasis,NF1
Filariasis,NOD1
Filariasis,NOD2
Filariasis,NOS2
Filariasis,NR1H2
Filariasis,P4HB
Filariasis,PDCD1
Filariasis,PDCD1LG2
Filariasis,PDIA3
Filariasis,PEBP1
Filariasis,PON1
Filariasis,POP7
Filariasis,PRDX1
Filariasis,PRDX4
Filariasis,PRL
Filariasis,PROKR2
Filariasis,PTGS1
Filariasis,RBM33
Filariasis,RBP3
Filariasis,RNASE2
Filariasis,RNASE3
Filariasis,S100A12
Filariasis,S100A8
Filariasis,SELL
Filariasis,SLC11A1
Filariasis,SOCS1
Filariasis,SOCS3
Filariasis,SSPN
Filariasis,STH
Filariasis,TGFB1
Filariasis,TICAM1
Filariasis,TLR1
Filariasis,TLR2
Filariasis,TLR3
Filariasis,TLR4
Filariasis,TLR6
Filariasis,TLR9
Filariasis,TNF
Filariasis,TNFRSF10B
Filariasis,TNFRSF18
Filariasis,TNFRSF1B
Filariasis,TNFSF18
Filariasis,TPI1
Filariasis,TPO
Filariasis,TPT1
Filariasis,TUBA1B
Filariasis,TUBB
Filariasis,TVP23C
Filariasis,TXNRD3
Filariasis,UBASH3B
Filariasis,VEGFA
Filariasis,VEGFC
Filariasis,WDR11
